package,url
about-time,https://crates.io/crates/human-repr
accelerate,https://circleci.com/gh/huggingface/accelerate
adafruit-circuitpython-typing,https://docs.circuitpython.org/projects/circuitpython_typing/en/latest/
aerospike,http://www.aerospike.com/apidocs/python/
aggdraw,http://www.effbot.org/downloads
aiocometd,http://example.com/cometd
aiohttp-cors,http://client.example.org
aiohttp-cors,http://client.example.org.
aiohttp-cors,http://other-client.example.org
aiohttp-cors,https://client.example.com
aiohttp-socks,http://user:password
aioresponses,http://backend
aioresponses,http://backend/api
aioresponses,http://example
aioresponses,http://example.com/api
aioresponses,http://example.com/api?foo=bar
aioresponses,http://test.example.com
aioresponses,https://aioresponses.readthedocs.io/en/latest/?badge=latest
aiosignal,https://docs.aiosignal.org
albumentations,https://drive.google.com/uc?export=view
allure-behave,https://docs.qameta.io/allure/2.0/
allure-pytest,https://docs.qameta.io/allure/2.0/
ansible-base,https://app.shippable.com/github/ansible/ansible
ansible-runner,https://ansible-lint.readthedocs.io/en/latest/default_rules
anyjson,http://bitbucket.org/runeh/anyjson
anyjson,http://bitbucket.org/runeh/anyjson/
anytemplate,http://www.kuwata-lab.com/tenjin/
anytemplate,https://apps.fedoraproject.org/packages/python-cheetah.
anytemplate,https://copr.fedorainfracloud.org/coprs/ssato/python-anyconfig/repo/epel-7/ssato-python-anyconfig-epel-7.repo
anytree,http://anytree.readthedocs.io/en/latest/_images/static/dan.png
apache-airflow,https://cwiki.apache.org/confluence/display/AIRFLOW/Airflow
appkit,http://nitipit.github.com/appkit/
arabic-reshaper,http://pillow.readthedocs.io/en/5.1.x/reference/ImageDraw.html?
argcomplete,https://api.github.com/orgs/
argcomplete,https://api.github.com/users/
aria2p,https://aria2p.readthedocs.io/en/latest/reference.html
art,http://www.findwebapp.com/ascii-art-one-liner/
art,http://www.webestools.com/
artifactory,http://artifactory-instance.com/artifactory
artifactory,http://docs.python-requests.org/en/latest/user/advanced/
artifactory,http://my-artifactory/artifactory/libs-snapshot-local/myapp/1.0
artifactory,http://my-artifactory/artifactory/myrepo/restricted-path
artifactory,http://my-artifactory/artifactory/ubuntu-local/pool
artifactory,http://my-instance.local
artifactory,http://repo.jfrog.org/artifactory/distributions/org/
artifactory,http://repo.jfrog.org/artifactory/distributions/org/apache/tomcat/apache-tomcat-7.0.11.tar.gz
artifactory,http://repo.jfrog.org/artifactory/gradle-ivy-local
artifacts-keyring,https://cla.microsoft.com.
asana,https://app.asana.com/api/1.0
asgi-lifespan,https://docs.python.org/3/library/asyncio
asn1crypto,http://wwwimages.adobe.com/content/dam/Adobe/en/devnet/pdf/pdfs/PDF32000_2008.pdf
asttokens,http://asttokens.readthedocs.io/en/latest/api-index.html.
async-lru,http://www.python.org/dev/peps/pep-%04d/
atomacos,https://bitbucket.org/ronaldoussoren/pyobjc
audioread,http://developer.apple.com/technologies/mac/audio-and-video.html
auth,http://192.168.99.100:4000
autobahn,https://autobahn.ws/testsuite/reports/clients/index.html
autobahn,https://autobahn.ws/testsuite/reports/servers/index.html
autobahn,https://crossbario.com/blog/post/websocket-why-what-can-i-use-it/
autogluon-core,https://arxiv.org/abs/2003.10865
autogluon-core,https://arxiv.org/pdf/2003.06505.pdf
autogluon-core,https://ci.gluon.ai/view/all/job/autogluon/job/master/
autogluon-core,https://ci.gluon.ai/view/all/job/autogluon/job/master/badge/icon
autologging,http://ninthtest.info/python-autologging/
autosemver,http://my.fancy/shrubbery
avro,https://cwiki.apache.org/confluence/display/AVRO/How
avro-python3,https://cwiki.apache.org/confluence/display/AVRO/How
aws-cdk-aws-apigateway,https://6lyktd4lpk.execute-api.us-east-1.amazonaws.com/prod/
aws-cdk-aws-apigateway,https://amazon.com.
aws-cdk-aws-apigateway,https://example.com/boom
aws-cdk-aws-apigateway,https://example.com/go-to-api1
aws-cdk-aws-apigateway,https://example.com/users/5?foo=bar
aws-cdk-aws-cloudfront,https://example.com/csp-report
aws-cdk-aws-dynamodb,https://docs.aws.amazon.com/amazondynamodb/latest/developerguide/HowItWorks.ReadWriteCapacityMode.
aws-cdk-aws-ec2,http://mirrors.ukfast.co.uk/sites/dl.fedoraproject.org/pub/epel/8/Everything/x86_64/Packages/r/rubygem-git-1.5.0-2.el8.noarch.rpm
aws-cdk-aws-ecr-assets,http://10.20.30.2:1234
aws-cdk-aws-eks,http://proxy.myproxy.com
aws-cdk-aws-elasticloadbalancingv2,https://example.com/openid
aws-cdk-aws-lambda-python-alpha,https://aws:
aws-cdk-aws-s3,http://bucket_name.s3-website-us-west-1.amazonaws.com
aws-cdk-aws-s3,https://china-bucket-s3.cn-north-1.amazonaws.com.cn/mykey
aws-psycopg2,http://initd.org/psycopg/tarballs/PSYCOPG-2-6/psycopg2-2.6.1.tar.gz
aws-xray-sdk,http://invalid-domain.com/
awscliv2,https://awscliv2.readthedocs.io/en/latest/
awswrangler,https://ananddatastories.com/rename-glue-tables-using-aws-data-wrangler/
awswrangler,https://aws-data-wrangler.readthedocs.io/en/0.3.3/
awswrangler,https://files.pythonhosted.org/packages/02/73/7fdb190a347c3436a485a69770647ec70f9c371e65163e813f75e2bee140/awswrangler-0.0b28-py36
awswrangler,https://files.pythonhosted.org/packages/02/c7/e867566abd54ce7d4c5b78f07e497424b0a018e0fc6cdc583f95dcba1bbc/awswrangler-0.0b12-py36
awswrangler,https://files.pythonhosted.org/packages/08/8c/5e65ce6b386990d97426940ec9ac1e0a4780d292fab470eb1a8ed1bf3bd1/awswrangler-0.0b14-py36
awswrangler,https://files.pythonhosted.org/packages/09/ab/76b6ae2d5cdc7d07b5c67f4214d0ef6d77527ae248bc256667e88a91c1b0/awswrangler-0.0b23-py36
awswrangler,https://files.pythonhosted.org/packages/0e/26/a4e2bc6151ea5fa4f64ec8ab3153f5c56ace822d891a89e255236894d61d/awswrangler-0.0.3-py36
awswrangler,https://files.pythonhosted.org/packages/14/05/f4baaa9d1e6e39260b8a1eb854e0076b4a06fff467f2885072368c935502/awswrangler-0.0b27-py36
awswrangler,https://files.pythonhosted.org/packages/17/4c/eaafa3431dacf607b2313d11461b95a12e9944522e94460e7cd045a1bacc/awswrangler-0.0b19-py36
awswrangler,https://files.pythonhosted.org/packages/1d/82/5157c2dbfe9bad4c776df02dd41b2b09889adcd42e88cea763c30054f413/awswrangler-0.0b7-py36
awswrangler,https://files.pythonhosted.org/packages/25/db/bfa360cf10add00ce5e69f82e5775b5325497f1d17c0e5024fb82ae90950/awswrangler-0.0.4-py36
awswrangler,https://files.pythonhosted.org/packages/29/ad/ca52382a3af88b8d0dbf9327249a2d70253131a93f944e2900438bd34dd2/awswrangler-0.0b18-py36
awswrangler,https://files.pythonhosted.org/packages/31/a6/5cb384b9b9a3df1b1335fc4856670940ac8e4d3d8ecc1ac8ea59d02d21a3/awswrangler-0.0b31-py36
awswrangler,https://files.pythonhosted.org/packages/31/d1/bd969cde3a54858a872af1e43c73ff667948a27981c1bd85631febe09aa0/awswrangler-0.0.2-py36
awswrangler,https://files.pythonhosted.org/packages/3a/8c/60b1c0ae74fed0550c6ffaf65913cd79e92dc0a37708bfb9724b7b6602c1/awswrangler-0.0b13-py36
azure-ai-formrecognizer,https://azure.github.io/azure-sdk/releases/latest/python.html.
azure-ai-textanalytics,https://azure.github.io/azure-sdk/releases/latest/python.html.
azure-appconfiguration,http://my-application
azure-appconfiguration,https://cla.microsoft.com.
azure-cosmos,https://cla.microsoft.com.
azure-cosmosdb-table,http://blogs.msdn.com/b/windowsazurestorage/
azure-cosmosdb-table,https://azure.github.io/azure-cosmosdb-python/
azure-data-tables,https://azuresdkdocs.blob.core.windows.net/
azure-data-tables,https://cla.microsoft.com.
azure-eventgrid,https://azure.github.io/azure-sdk/releases/latest/python.html.
azure-eventgrid,https://azuresdkdocs.blob.core.windows.net/
azure-eventgrid,https://egsample.dev/sampleevent
azure-eventhub,https://azuresdkdocs.blob.core.windows.net/
azure-eventhub,https://cla.microsoft.com.
azure-eventhub-checkpointstoreblob,https://azuresdkdocs.blob.core.windows.net/
azure-eventhub-checkpointstoreblob,https://cla.microsoft.com.
azure-eventhub-checkpointstoreblob-aio,https://azuresdkdocs.blob.core.windows.net/
azure-eventhub-checkpointstoreblob-aio,https://cla.microsoft.com.
azure-functions,https://cla.microsoft.com.
azure-functions-devops-build,https://cla.microsoft.com.
azure-graphrbac,https://docs.microsoft.com/python/api/overview/azure/activedirectory
azure-iot-device,https://baltimore-cybertrust-root.chain-demos.digicert.com/info/index.html
azure-iot-device,https://cla.microsoft.com.
azure-keyvault,https://cla.microsoft.com.
azure-keyvault-administration,https://cla.microsoft.com.
azure-keyvault-certificates,https://cla.microsoft.com.
azure-keyvault-keys,https://azuresdkdocs.blob.core.windows.net/
azure-keyvault-keys,https://cla.microsoft.com.
azure-keyvault-secrets,https://azuresdkdocs.blob.core.windows.net/
azure-keyvault-secrets,https://cla.microsoft.com.
azure-mgmt-machinelearningcompute,https://docs.microsoft.com/python/api/overview/azure/machinelearning
azure-monitor-opentelemetry-exporter,https://azuresdkdocs.blob.core.windows.net/
azure-monitor-opentelemetry-exporter,https://cla.microsoft.com.
azure-monitor-query,https://azure.github.io/azure-sdk/releases/latest/python.html.
azure-multiapi-storage,https://cla.microsoft.com.
azure-schemaregistry,https://cla.microsoft.com.
azure-schemaregistry-avroserializer,https://cla.microsoft.com.
azure-search-documents,https://azuresdkdocs.blob.core.windows.net/
azure-servicebus,https://azuresdkdocs.blob.core.windows.net/
azure-servicebus,https://cla.microsoft.com.
azure-servicefabric,https://docs.microsoft.com/python/api/overview/azure/servicefabric
azure-servicemanagement-legacy,http://manage.windowsazure.com
azure-storage-blob,https://cla.microsoft.com.
azure-storage-common,http://blogs.msdn.com/b/windowsazurestorage/
azure-storage-common,https://docs.microsoft.com/en-us/python/api/overview/azure/storage/client?view=azure-python
azure-storage-file,http://blogs.msdn.com/b/windowsazurestorage/
azure-storage-file,https://docs.microsoft.com/en-us/python/api/overview/azure/storage/client?view=azure-python
azure-storage-file-datalake,https://cla.microsoft.com.
azure-storage-file-share,https://cla.microsoft.com.
azure-storage-queue,https://cla.microsoft.com.
azureml-dataprep-native,http://aka.ms/data-prep-sdk
azureml-dataprep-rslex,http://aka.ms/data-prep-sdk
backports-ssl-match-hostname,http://bitbucket.org/brandon/backports.ssl_match_hostname
badx12,http://www.x12.org/x12-work-products/x12-edi-standards.cfm
base64io,https://base64io-python.readthedocs.io/en/stable/
basicsr,https://arxiv.org/abs/2012.02181
beaker,http://beaker.groovie.org/
beautifulsoup4,https://bazaar.launchpad.net/
behave,http://pythonhosted.org/behave/api.html
behave,http://pythonhosted.org/behave/gherkin.html
behave,http://pythonhosted.org/behave/install.html
behave,http://pythonhosted.org/behave/tutorial.html
benepar,https://arxiv.org/abs/1805.01052
benepar,https://arxiv.org/abs/1812.11760
bertopic,https://arxiv.org/abs/2203.05794
bingads,https://docs.microsoft.com/en-us/advertising/guides/authentication-oauth-identity-platform.
bingads,https://docs.microsoft.com/en-us/advertising/guides/release-notes.
bingads,https://docs.microsoft.com/en-us/bingads/guides/release-notes.
biopython,http://initd.org/psycopg/
blackduck,https://docs.python-requests.org/en/master/user/advanced/
blessings,http://packages.python.org/blessings/
blockdiag,http://blockdiag.com.
blosc,http://python-blosc.blosc.org
boa-str,https://circleci.com/gh/astronomerio/boa
bokeh,https://docs.bokeh.org/en/latest/docs/gallery/brewer.html
boruta,http://danielhomola.com/2015/05/08/borutapy-an-all-relevant-feature-selection-method/
botbuilder-schema,https://cla.microsoft.com.
botorch,https://arxiv.org/abs/1910.06403
boxsdk,http://YOUR_REDIRECT_URL
boxsdk,http://YOUR_REDIRECT_URL?code=YOUR_AUTH_CODE
boxsdk,https://api.box.com/2.0/users/me
bravado-core,http://virtualenv.readthedocs.org/en/latest/virtualenv.html
bumpversion,https://asciinema.org/a/3828
bumpversion,https://dl.dropboxusercontent.com/u/8735936/Screen%20Shot%202013-04-12%20at%202.43.46%20PM.png
c7n-mailer,http://jinja.pocoo.org/docs/dev/templates/
cached-property,https://bitbucket.org/pypy/pypy/issue/2033/attributeerror-object-attribute-is-read
cachetools,http://www.python.org/dev/peps/pep-%04d/
category-encoders,https://faculty.psau.edu.sa/filedownload/doc-12-pdf-a1997d0d31f84d13c1cdc44ac39a8f2c-original.pdf
cbor,https://bitbucket.org/bodhisnarkva/cbor
cchardet,https://bitbucket.org/medoc/uchardet-enhanced/overview
ccxt,https://api.btcmarkets.net/doc/v3
ccxt,https://auth.zondaglobal.com/ref/jHlbB4mIkdS1
ccxt,https://coinone.co.kr
ccxt,https://doc.coinone.co.kr
ccxt,https://docs.upbit.com/docs/%EC%9A%94%EC%B2%AD-%EC%88%98-%EC%A0%9C%ED%95%9C
cfn-flip,https://build.snapcraft.io/badge/awslabs/aws-cfn-template-flip.svg
cfn-flip,https://build.snapcraft.io/user/awslabs/aws-cfn-template-flip
cfscrape,http://docs.python-requests.org/en/latest/user/quickstart/
cfscrape,http://docs.python-requests.org/en/master/api/
chalice,https://abcd.execute-api.us-west-2.amazonaws.com/api/
chalice,https://endpoint/api
chalice,https://endpoint/dev
chameleon,http://repoze.org/license.html
chardet,https://chardet.readthedocs.io/.
cherrypy,https://api.codacy.com/project/badge/Grade/48b11060b5d249dc86e52dac2be2c715
circleci,https://circleci.com/account/api
clamd,http://xael.org/norman/python/pyclamd/
click-configfile,https://click.pocoo.org/
clickclick,https://coveralls.io/r/hjacobs/python-clickclick
cloudevents,https://example.com/event-producer
cloudflare,http://example.com/css/styles.css
cloudflare,http://example.com/js/script.js
cloudinary,http://res.cloudinary.com/cloud_name/image/upload/c_fill
cloudinary,http://res.cloudinary.com/demo/image/facebook/c
cloudinary,http://res.cloudinary.com/demo/image/upload/abcfrmo8zul1mafopawefg.jpg
cloudinary,http://res.cloudinary.com/demo/image/upload/sample_remote.jpg
cloudinary,http://res.cloudinary.com/demo/image/upload/w
cloudinary,http://www.example.com/image.jpg
cloudinary,https://bitbucket.org/chrisatlee/poster
cloudscraper,http://docs.python-requests.org/en/latest/user/quickstart/
cloudscraper,http://docs.python-requests.org/en/master/api/
cloudscraper,https://backend.hosting.com/
cmaes,https://arxiv.org/abs/2012.06932
cmd2,https://ceph.com/
codeowners,https://crates.io/crates/codeowners
colorlog,https://aur.archlinux.org/packages/python-colorlog/
colormath,https://crate.io/packages/colormath/
commitizen,https://commitizen-
comtypes,http://gmane.org/info.php?group=gmane.comp.python.comtypes.user
conan,https://cpplang-inviter.cppalliance.org/
concurrent-log-handler,http://docs.python.org/lib/logging-config-fileformat.html
conda,https://conda.io/miniconda.html.
configparser,http://docs.python.org/3/library/configparser.html.
configspace,https://automl.github.io/SMAC3/main/pages/examples/index.html
connexion,http://MYHOST/1.0/hello_world
connexion,http://MYHOST/hello_world
connexion,http://flask.pocoo.org/snippets/111/
connexion,http://www.apache.org/licenses/LICENSE-2.0.
connexion,https://MYHOST/1.0
contours,http://toblerity.org/shapely/manual.html
country-converter,https://ec.europa.eu/eurostat/statistics-explained/index.php/Glossary:European_Economic_Area_
courlan,http://1234
courlan,http://test.net/foo.html?page=2
courlan,http://test.net/foo.html?utm_source=twitter
courlan,https://commons.wikimedia.org/wiki/File:Limpkin
courlan,https://docs.github.com/en/github/creating-cloning-and-archiving-repositories/cloning-a-repository-from-github
courlan,https://example.org/path/testpage
coverage-badge,https://cdn.rawgit.com/samael500/coverage-badge/main/media/15.svg
coverage-badge,https://cdn.rawgit.com/samael500/coverage-badge/main/media/45.svg
coverage-badge,https://cdn.rawgit.com/samael500/coverage-badge/main/media/65.svg
coverage-badge,https://cdn.rawgit.com/samael500/coverage-badge/main/media/80.svg
coverage-badge,https://cdn.rawgit.com/samael500/coverage-badge/main/media/93.svg
coverage-badge,https://cdn.rawgit.com/samael500/coverage-badge/main/media/97.svg
cpe,https://badge.waffle.io/nilp0inter/cpe.png?label=ready
cpe,https://crate.io/packages/cpe
crochet,http://tm.tl/6738
crochet,http://tm.tl/7105
cronex,http://www.quartz-scheduler.org/documentation/quartz-1.x/tutorials/crontrigger
cssutils,https://bitbucket.org/cthedot/cssutils/
cursor,https://aur.archlinux.org/python-cursor.git
curtsies,http://curtsies.readthedocs.org/en/latest/input.html
dagster-cloud,https://dagster.io/cloud.
daphne,http://twistedmatrix.com/documents/current/api/twisted.internet.endpoints.html
dash-cytoscape,https://dash-gallery.plotly.host/cytoscape-advanced
dash-cytoscape,https://dash-gallery.plotly.host/cytoscape-elements
dash-cytoscape,https://dash-gallery.plotly.host/cytoscape-events
dash-cytoscape,https://dash-gallery.plotly.host/cytoscape-phylogeny/
dash-cytoscape,https://dash-gallery.plotly.host/cytoscape-stylesheet
dash-daq,http://dash-gallery.plotly.host/dash-daq-hp-multimeter
dash-daq,http://dash-gallery.plotly.host/dash-daq-led
dash-daq,http://dash-gallery.plotly.host/dash-daq-omega-pid
dash-daq,http://dash-gallery.plotly.host/dash-daq-pressure-gauge-kjl
dash-daq,http://dash-gallery.plotly.host/dash-daq-robotic-arm
dash-daq,http://dash-gallery.plotly.host/dash-daq-sparki
dash-daq,http://dash-gallery.plotly.host/dash-daq-stepper-motor
dash-daq,https://dash-gallery.plotly.host/dash-daq-pressure-gauge-pv
databricks-cli,https://docs.azuredatabricks.net/user-guide/dev-tools/databricks-cli.html
datamodel-code-generator,http://petstore.swagger.io/v1
dataprep,https://arxiv.org/abs/2104.00841
datarobot,https://app.datarobot.com/api/v2
datasets,https://arxiv.org/abs/2109.02846
datetime,http://www.w3.org/TR/NOTE-datetime.
dawg-python,https://code.google.com/p/dawgdic/
dbapi-opentracing,http://opentracing.us13.list-manage.com/subscribe?u=180afe03860541dae59e84153
deap,http://sphinx.pocoo.org
deap,http://www.ros.org/wiki/deap.
dedupe,http://virtualenv.readthedocs.org/en/latest/virtualenv.html
deep-translator,https://de.pons.com/
deep-translator,https://deep-translator-api.azurewebsites.net/docs.
deep-translator,https://deep-translator.readthedocs.io/en/latest/contributing.html/
deepspeed,https://arxiv.org/abs/1910.02054
deepspeed,https://arxiv.org/abs/2101.06840
deepspeed,https://arxiv.org/abs/2102.02888
deepspeed,https://arxiv.org/abs/2104.06069
deepspeed,https://arxiv.org/abs/2104.07857
deepspeed,https://arxiv.org/abs/2108.06084
deepspeed,https://arxiv.org/abs/2201.05596
deepspeed,https://arxiv.org/abs/2201.11990
deepspeed,https://arxiv.org/abs/2202.06009
deepspeed,https://arxiv.org/abs/2206.01861
deepspeed,https://badgen.net/badge/build/check-status/blue
deepspeed,https://cla.opensource.microsoft.com.
defusedxml,http://apache.org/xml/features/disallow-doctype-decl
defusedxml,http://apache.org/xml/features/nonvalidating/load-dtd-grammar
defusedxml,http://apache.org/xml/features/nonvalidating/load-external-dtd
defusedxml,http://www.python.org/some.xml
defusedxml,http://xml.apache.org/xalan/java/java.lang.Object
defusedxml,http://xml.apache.org/xalan/java/java.lang.Runtime
defusedxml,http://xml.org/sax/features/external-general-entities
defusedxml,http://xml.org/sax/features/external-parameter-entities
delayed-assert,http://pythontesting.net/strategy/delayed-assert/
delighted,https://api.delighted.com/v1/
delighted,https://delighted.com/
demjson,http://deron.meranda.us/python/demjson/
demjson,http://deron.meranda.us/python/demjson/dist/demjson-2.2.4.tar.gz
descartes,http://bitbucket.org/sgillies/descartes/
devtools,https://files.pythonhosted.org/packages/37/31/1bba3ce4cfa5ff67cc37b6555ef7da5118b3cfe9782c866deb0ede9c9655/devtools-0.2-py35
dice-ml,https://arxiv.org/abs/2011.04917
dice-ml,https://cla.microsoft.com.
diffusers,https://arxiv.org/abs/2202.09778
diffusers,https://arxiv.org/abs/2204.13902
discord-webhook,http://10.10.1.10:1080
discord-webhook,http://10.10.1.10:3128
diskcache,http://initd.org/psycopg/
distribute,http://packages.python.org/distribute
dj-static,http://lukearno.com/projects/static/
dj-static,https://docs.djangoproject.com/en/1.5/howto/static-files/
django-annoying,http://bitbucket.org/Stavros/django-annoying/
django-anymail,https://docs.djangoproject.com/en/v8.6/topics/email/
django-anymail,https://example.com/activate
django-axes,https://code.djangoproject.com/ticket/5622.
django-cacheops,http://example.com/page
django-ckeditor,http://github.com/buchuki
django-colorfield,https://badges.pufler.dev
django-colorfield,https://badges.pufler.dev/visits/fabiocaccamo/django-colorfield?label=visitors
django-compat,http://redd.it/2jrr4l
django-compat,https://badge.waffle.io/arteria/django-compat.png?label=ready
django-compat,https://blockchain.info/payment_request?address=1AJkbQdcNkrHzxi91mB1kkPxh4t4BJ4hu4
django-compat,https://docs.djangoproject.com/en/1.9/releases/1.8/
django-compat,https://docs.djangoproject.com/en/dev/topics/python3/
django-compressor,http://developer.yahoo.com/yui/compressor/
django-cors-headers,http://read.only.com
django-debug-toolbar,https://django-debug-toolbar.readthedocs.io/.
django-guardian,https://django-guardian.readthedocs.io/.
django-health-check,http://www.example.com/ht/
django-health-check,http://www.example.com/ht/?format=json
django-impersonate,https://bitbucket.org/petersanchez/django-impersonate/issues/17/remember-where-to-return-to-after
django-impersonate,https://bitbucket.org/petersanchez/django-impersonate/issues/24/impersonate_redirect_url-no-longer-works
django-js-asset,https://cdn.example.com/script.js
django-jsonfield,https://bitbucket.org/schinckel/django-jsonfield
django-jsonfield,https://django-mysql.readthedocs.io/en/latest/model_fields/json_field.html
django-mathfilters,https://crate.io/packages/django-mathfilters
django-model-utils,https://bitbucket.org/carljm/django-model-utils/overview
django-nose,http://nose-plugins.jottit.com/
django-openstack-auth,http://governance.openstack.org/badges/django_openstack_auth.svg
django-recaptcha,http://code.google.com/p/recaptcha/issues/detail?id=133
django-saml2-auth,http://your-domain/saml2_auth/acs/
django-saml2-auth,https://docs.djangoproject.com/en/1.9/ref/contrib/auth/
django-select2,https://django-select2.readthedocs.io/.
django-ses,http://proxy.com:port
django-ses,http://user:password
django-storages,https://bitbucket.org/david/django-storages/issue/105/add-option-to-produce-protocol-relative
django-storages,https://bitbucket.org/david/django-storages/issue/108
django-storages,https://bitbucket.org/david/django-storages/issue/109
django-storages,https://bitbucket.org/david/django-storages/issue/110
django-storages,https://bitbucket.org/david/django-storages/issue/111
django-storages,https://bitbucket.org/david/django-storages/issue/133/license-file-refers-to-incorrect-project
django-storages,https://bitbucket.org/david/django-storages/issue/156/s3boto-backend-valueerror-time-data-thu-07
django-storages,https://bitbucket.org/david/django-storages/issue/188/s3boto-_clean_name-is-broken-and-leads-to
django-storages,https://bitbucket.org/david/django-storages/issue/40/deprecate-s3py-backend
django-storages,https://bitbucket.org/david/django-storages/issue/57
django-storages,https://bitbucket.org/david/django-storages/issue/6/symlinkorcopystorage-new-custom-storage
django-storages,https://bitbucket.org/david/django-storages/issue/78/import-error
django-storages,https://bitbucket.org/david/django-storages/issue/89/112-broke-the-mosso-backend
django-storages,https://bitbucket.org/david/django-storages/pull-request/10/support-django-mongodb-engine-040
django-storages,https://bitbucket.org/david/django-storages/pull-request/12/hashpathstorage-tests-deleted-my-projects
django-storages,https://bitbucket.org/david/django-storages/pull-request/13/a-version-of-sftp-storage-that-allows-you
django-storages,https://bitbucket.org/david/django-storages/pull-request/16/
django-storages,https://bitbucket.org/david/django-storages/pull-request/17/
django-storages,https://bitbucket.org/david/django-storages/pull-request/20/
django-storages,https://bitbucket.org/david/django-storages/pull-request/24/
django-storages,https://bitbucket.org/david/django-storages/pull-request/30/
django-storages,https://bitbucket.org/david/django-storages/pull-request/35/
django-storages,https://bitbucket.org/david/django-storages/pull-request/36/
django-storages,https://bitbucket.org/david/django-storages/pull-request/43/
django-storages,https://bitbucket.org/david/django-storages/pull-request/44/
django-storages,https://bitbucket.org/david/django-storages/pull-request/45/
django-storages,https://bitbucket.org/david/django-storages/pull-request/46/
django-storages,https://bitbucket.org/david/django-storages/pull-request/48/
django-storages,https://bitbucket.org/david/django-storages/pull-request/5/fixed-path-bug-and-added-testcase-for
django-storages,https://bitbucket.org/david/django-storages/pull-request/50/
django-storages,https://bitbucket.org/david/django-storages/pull-request/65/
django-storages,https://bitbucket.org/david/django-storages/pull-request/66/
django-storages,https://bitbucket.org/david/django-storages/pull-request/69/
django-storages,https://bitbucket.org/david/django-storages/pull-request/85/
django-storages,https://bitbucket.org/david/django-storages/pull-request/86/
django-storages,https://bitbucket.org/david/django-storages/pull-request/90/
django-storages,https://bitbucket.org/david/django-storages/pull-request/91/
django-storages,https://django-storages.readthedocs.io/.
django-structlog,http://0.0.0.0:8000/
django-url-filter,https://drone.miki725.com/api/badges/miki725/django-url-filter/status.svg
django-url-filter,https://drone.miki725.com/miki725/django-url-filter
django-webtest,https://bitbucket.org/kmike/django-webtest
djangorestframework-jwt,http://getblimp.github.io/django-rest-framework-jwt
djoser,https://api.codacy.com/project/badge/Grade/c9bf80318d2741e5bb63912a5e0b32dc
djoser,https://app.codacy.com/app/dekoza/djoser?utm_source=github.com
dm-haiku,https://dm-haiku.readthedocs.io/.
dnslib,https://bitbucket.org/james_cherry
dnslib,https://bitbucket.org/paulc/dnslib
domain2idna,https://api.codacy.com/project/badge/Grade/7fc14987068e409e9ddb70195f2485ab
dowhy,https://arxiv.org/abs/2206.06821
draftjs-exporter,https://facebook.github.io/react/docs/top-level-api.html
drf-yasg,http://test.local:8002/swagger.yaml
dvc,https://dvc.org/doc/start/data-management/pipelines
dynaconf,https://app.codacy.com/project/badge/Grade/42d2f11ef0a446808b246c8c69603f6e
dynamo-json,http://saythanks.io/to/adilosa
easygui,https://files.pythonhosted.org/packages/03/bf/b6975763e7c8d9cec3b6923dbceb88fc49ce239119c0d30dfec6d4fc2bc5/easygui-0.96
easyocr,https://arxiv.org/abs/1904.01941
easyocr,https://arxiv.org/abs/2202.10304v1
ecdsa,http://webpages.charter.net/curryfans/peter/downloads.html
ecdsa,http://www.derkeiler.com/Newsgroups/sci.crypt/2006-01/msg00651.html
econml,https://arxiv.org/abs/1806.04823
econml,https://arxiv.org/abs/1905.10176
econml,https://arxiv.org/pdf/1901.09036.pdf
econml,https://arxiv.org/pdf/1905.10176.pdf
econml,https://cla.microsoft.com.
efficientnet-pytorch,https://arxiv.org/abs/1905.11946
efficientnet-pytorch,https://arxiv.org/abs/2104.00298
elasticsearch,https://clients-ci.elastic.co/job/elastic
elasticsearch-dbapi,https://admin:admin
elasticsearch6,https://clients-ci.elastic.co/job/elastic
elasticsearch6,https://elasticsearch.url:port
elasticsearch7,https://clients-ci.elastic.co/job/elastic
elementpath,http://opensource.org/licenses/MIT.
enum34,https://bitbucket.org/stoneleaf/enum34
enum34,https://bitbucket.org/stoneleaf/enum34.
eth-abi,https://eth-abi.readthedocs.io/en/latest/releases.html
eth-typing,https://eth-typing.readthedocs.io/en/latest/releases.html
eventlet,http://sphinx.pocoo.org/
everett,https://example.com/configuration
exchange-calendars,http://www.gpw.pl
exchange-calendars,http://www.nasdaqomxnordic.com/
exchangelib,http://travis-ci.com/ecederstrand/exchangelib
expiringdict,http://www.voidspace.org.uk/python/mock/
exponent-server-sdk,https://docs.expo.io/versions/latest/guides/push-notifications
eyes-selenium,https://applitools.com/resources/tutorial/appium/native
ez-setup,http://www.python.org/download/releases/2.6/NEWS.txt
falcon,http://docs.example.com/auth
falcon,http://docs.examples.com/api/json
fancycompleter,http://bitbucket.org/antocuni/fancycompleter/raw/5bf506e05ce7/screenshot.png
fancycompleter,http://bitbucket.org/antocuni/fancycompleter/src/tip/misc/fancycompleterrc.py
fancycompleter,http://bitbucket.org/antocuni/fancycompleter/src/tip/misc/libreadline.so.6-32bit
fancycompleter,http://bitbucket.org/antocuni/fancycompleter/src/tip/misc/libreadline.so.6-64bit
fancycompleter,http://bitbucket.org/antocuni/fancycompleter/src/tip/misc/readline-escape-5.2.patch
fancycompleter,http://bitbucket.org/antocuni/fancycompleter/src/tip/misc/readline-escape-6.0.patch
fancycompleter,http://codespeak.net/pyrepl/
fastai,https://course.fast.ai/start_colab
fastai,https://docs.fast.ai/migrating_catalyst
fastai,https://docs.fast.ai/migrating_ignite
fastai,https://docs.fast.ai/migrating_lightning
fastai,https://docs.fast.ai/migrating_pytorch
fastapi,https://eng.uber.com/ludwig-v0-2/
fastcluster,https://doi.org/10.18637/jss.v053.i09.
fastdiff,https://fastdiff.readthedocs.io/en/latest/?badge=latest
fbprophet,http://pystan.readthedocs.io/en/latest/installation_beginner.html
fbprophet,http://pystan.readthedocs.io/en/latest/windows.html
fbprophet,http://robjhyndman.com/software/forecast/
feast,https://docs.feast.dev/how-to-guides/adding-a-new-offline-store
feast,https://docs.feast.dev/how-to-guides/adding-support-for-a-new-online-store
feast,https://docs.feast.dev/how-to-guides/creating-a-custom-provider
feast,https://docs.feast.dev/reference/offline-stores/mssql.md
fiona,http://wfmu.org/playlists/shows/62083.
fiona,http://www.wilderness.net/index.cfm?fuse=NWPS
flair,https://arxiv.org/abs/2011.06993
flake8-black,https://black.readthedocs.io/en/stable/pyproject_toml.html
flasgger,http://flasgger.pythonanywhere.com/
flasgger,http://flask.pocoo.org/snippets/35/
flasgger,http://me.com/terms
flask-admin,http://rst.ninjs.org/
flask-cors,http://flask.pocoo.org/snippets/56/
flask-graphql,http://dev.apollodata.com/core/network.html
flask-mongoengine,https://bitbucket.org/danjac/flask-mongoengine
flask-mongoengine,https://bitbucket.org/maratfm/wtforms
flask-opentracing,http://blog.scoutapp.com/articles/2018/01/15/tutorial-tracing-python-flask-requests-with-opentracing
flask-opentracing,http://opentracing.us13.list-manage.com/subscribe?u=180afe03860541dae59e84153
flask-talisman,https://docs.microsoft.com/en-us/previous-versions/windows/internet-explorer/ie-developer/compatibility/jj542450
flatten-json,https://api.codacy.com/project/badge/Coverage/7ae779ec4e99462f907c5afecfd5de48
fonttools,http://www.freebsd.org/cgi/pds.cgi?ports/chinese/wangttf
foundationdb,https://apple.github.io/foundationdb/api-python.html.
fpdf,http://code.google.com/p/pyfpdf
fpdf,https://code.google.com/p/pyfpdf/wiki/ReferenceManual
fpdf2,http://blog.whatgeek.com.pt
fpdf2,http://frenchcomputerguy.com/
fpdf2,http://portfedh
fpdf2,http://pr.linkedin.com/in/edwoodocasio/
ftfy,https://bitbucket.org/logilab/pylint/
funcsigs,https://crate.io/packages/funcsigs/
functions-framework,http://0.0.0.0:8080/
functions-framework,http://my-url
functions-framework,https://example.com/cloudevents/pull
gcloud,http://gcloud-python.readthedocs.org/en/latest/gcloud-auth.html
gcloud,http://googlecloudplatform.github.io/gcloud-python/stable/
gcloud,https://cloud.google.com/datastore/docs/apis/v1beta3/
gdal,http://trac.osgeo.org/gdal/browser/trunk/gdal/swig/python/gdal-utils/osgeo_utils/samples/val_repl.py
gensim,http://radimrehurek.com/gensim/about.html
geocoder,http://geocoder.readthedocs.org/providers/.html
geocoder,http://photon.komoot.de
geocoder,https://build.snapcraft.io/badge/DenisCarriere/geocoder.svg
geocoder,https://build.snapcraft.io/user/DenisCarriere/geocoder
geog,http://toblerity.org/shapely/
geoip2-tools,https://codeclimate.com/github/Nekmo/geoip2-tools
geospark,https://datasystemslab.github.io/GeoSpark/
gevent,https://dev.nextthought.com/blog/categories/gevent.html
gevent-websocket,http://www.bitbucket.org/Jeffrey/gevent-websocket/
gevent-websocket,https://bitbucket.org/Jeffrey/gevent-websocket/issues?status=new
ghp-import,http://dinoboff.github.com/github-tools/
ghp-import,http://sphinx.pocoo.org/
gitlint,http://addamhardy.com/blog/2013/06/05/good-commit-messages-and-enforcing-them-with-git-hooks/
gitlint-core,http://addamhardy.com/blog/2013/06/05/good-commit-messages-and-enforcing-them-with-git-hooks/
gluonnlp,http://gluon-nlp.mxnet.io/master/api/index.html
gluonnlp,http://gluon-nlp.mxnet.io/master/api/modules/embedding.html
gluonnlp,http://gluon-nlp.mxnet.io/master/api/modules/model.html
gluonnlp,http://gluon-nlp.mxnet.io/master/api/modules/vocab.html
gluonnlp,http://gluon-nlp.mxnet.io/master/api/notes/data_api.html
gluonnlp,http://gluon-nlp.mxnet.io/master/examples/index.html
gluonnlp,http://gluon-nlp.mxnet.io/master/how_to/contribute.html
gluonnlp,http://gluon-nlp.mxnet.io/master/index.html
gluonnlp,http://gluon-nlp.mxnet.io/master/scripts/index.html
gluonts,https://arxiv.org/abs/1906.05264
google-cloud,https://circleci.com/gh/GoogleCloudPlatform/google-cloud-python
google-cloud,https://circleci.com/gh/GoogleCloudPlatform/google-cloud-python.svg?style=shield
googlemaps,https://developers.google.com/maps/deprecations.
gprof2dot,http://www.daimi.au.dk/
gpy,http://sheffieldml.github.com/GPy/
gpytorch,https://arxiv.org/pdf/1611.00336.pdf
gpytorch,https://arxiv.org/pdf/1802.08903.pdf
gpytorch,https://arxiv.org/pdf/1803.06058.pdf
gql,https://countries.trevorblades.com/
gradio,https://arxiv.org/abs/1906.02569
graphql-relay,https://facebook.github.io/relay/docs/graphql-relay-specification.html
graphqlclient,http://graphql-swapi.parseapp.com/
greenlet,http://opensource.hyves.org/concurrence/
grpc-google-iam-v1,https://cloud.google.com/python/docs/reference/grpc-iam/latest
heroku3,http://www.pip-installer.org/en/latest/other-tools.html
heroku3,http://www.python-requests.org/en/latest/user/advanced/
hexdump,https://bitbucket.org/techtonik/hexdump/
html-telegraph-poster,http://example.com/img.png
html2text,http://badge.kloud51.com/pypi/d/html2text.png
html2text,http://badge.kloud51.com/pypi/format/html2text.png
html2text,http://badge.kloud51.com/pypi/license/html2text.png
html2text,http://badge.kloud51.com/pypi/v/html2text.png
html2text,http://badge.kloud51.com/pypi/wheel/html2text.png
httpretty,http://httpbin.org/post
ibm-cos-sdk,https://cloud.ibm.com/unifiedsupport/supportcenter/
ibm-cos-sdk-core,https://cloud.ibm.com/unifiedsupport/supportcenter/
ibm-watson,http://10.10.1.10:1080
ibm-watson,http://10.10.1.10:3128
ibm-watson,http://docs.python-requests.org/en/latest/
ibm-watson,https://2.python-requests.org/en/latest/user/advanced/
ibm-watson,https://2.python-requests.org/en/master/api/
ibm-watson,https://api.us-south.assistant.watson.cloud.ibm.com
ibm-watson,https://cloud.ibm.com/
ibm-watson,https://cloud.ibm.com/resources
icalendar,http://lists.osafoundation.org/pipermail/ietf-calsify/2006-August/001126.html
icalendar,http://plone.org/events/sprints/whatis
ics,http://icspy.readthedocs.org/en/latest/about.html
ics,http://icspy.readthedocs.org/en/latest/api.html
idf-component-manager,https://componentregistry.company.com
ijson,http://lloyd.github.com/yajl/
ijson,http://pykler.github.com/yajl-py/
ijson,http://www.nassrat.ca/
imagecodecs,http://www.quicklz.com/
imagecodecs,https://bitbucket.org/james_taylor/python-lzo-static
imapclient,http://menno.io/projects/IMAPClient/IMAPClient-2.3.1.zip
imbalanced-learn,http://jmlr.org/papers/v18/16-365
imbalanced-learn,https://dev.azure.com/imbalanced-learn/imbal
implicit,https://arxiv.org/pdf/1205.2618.pdf
importlib,http://cpython-devguide.readthedocs.io/en/latest/
influxdb,http://sphinx.pocoo.org/
initools,http://bitbucket.org/ianb/initools
initools,http://bitbucket.org/ianb/initools/get/tip.gz
interchange,https://docs.py2neo.org/interchange/
intervaltree,http://www.eternallyconfuzzled.com/tuts/datastructures/jsw_tut_avl.aspx
intervaltree,http://zurb.com/forrst/posts/Interval_Tree_implementation_in_python-e0K
ioc-finder,https://example.com/test
ioc-finder,https://example.org/test/bingo.php
iocextract,http://example
iocextract,http://example.com/bad/url
iocextract,http://example.com/path
iocextract,http://example.com:8989/bad
iocextract,https://api.codacy.com/project/badge/Coverage/920894593bde451c9277c56b7d9ab3e1
iocextract,https://api.codacy.com/project/badge/Grade/920894593bde451c9277c56b7d9ab3e1
iocextract,https://app.codacy.com/app/InQuest/python-iocextract
ipdb,http://readthedocs.org/docs/nose
iso8601,https://bitbucket.org/micktwomey/pyiso8601
iso8601,https://bitbucket.org/micktwomey/pyiso8601/issue/1/raise-parseerror-for-invalid-input
iso8601,https://bitbucket.org/micktwomey/pyiso8601/issue/10/setuppy-broken-for-python-33
iso8601,https://bitbucket.org/micktwomey/pyiso8601/issue/13/new-release-based-on-critical-bug-fix
iso8601,https://bitbucket.org/micktwomey/pyiso8601/issue/14/regression-yyyy-mm-no-longer-parses
iso8601,https://bitbucket.org/micktwomey/pyiso8601/issue/2/roundoff-issues-when-parsing-decimal
iso8601,https://bitbucket.org/micktwomey/pyiso8601/issue/3/dates-returned-by-parse_date-do-not
iso8601,https://bitbucket.org/micktwomey/pyiso8601/issue/4/support-offsets-without-a-separator
iso8601,https://bitbucket.org/micktwomey/pyiso8601/issue/5/z-produces-default-timezone-if-one-is
iso8601,https://bitbucket.org/micktwomey/pyiso8601/issue/6/handle-compact-date-format
iso8601,https://bitbucket.org/micktwomey/pyiso8601/issue/8/015-parses-negative-timezones-incorrectly
iso8601,https://bitbucket.org/micktwomey/pyiso8601/issue/9/regression-parsing-microseconds
iso8601,https://bitbucket.org/micktwomey/pyiso8601/pull-request/1/make-the-inclusion-of-seconds-optional-in/diff
iso8601,https://bitbucket.org/micktwomey/pyiso8601/pull-requests/5/add-support-for-as-separator-for/diff
iso8601,https://bitbucket.org/micktwomey/pyiso8601/pull-requests/6/remove-debug-logging/diff
iso8601,https://bitbucket.org/micktwomey/pyiso8601/pull-requests/7/fix-class-reference-for-iso8601utc-in/diff
jinja2-pluralize,https://api.codacy.com/project/badge/eb497c487012455688a62383afccccb7
jinja2-time,http://crsmithdev.com/arrow/
jinjasql,http://cloud.github.com/downloads/hashedin/jinjasql/jinjasql-0.1.8.tar.gz
jmespath,https://badges.gitter.im/Join
jmp,https://arxiv.org/abs/1710.03740.
jplephem,http://ssd.jpl.nasa.gov/?ephemerides
jschema-to-python,https://cla.opensource.microsoft.com.
jsii,http://eladb.github.com/
jsii,http://twiiter.com/benbridts
jsii,https://armaan.tobaccowalla.com
jsmin,http://wiki.ecmascript.org/doku.php?id=harmony:specification_drafts
jsmin,https://bitbucket.org/dcs/jsmin/
json-encoder,https://bitbucket.org/ambv/singledispatch
json-rpc,http://json-rpc.org/wiki/specification
json-rpc,http://www.python-requests.org/en/latest/
json-schema-for-humans,http://example.com/schema.json
json2html,http://json2html.varunmalhotra.xyz/
jsonargparse,http://example.com/config.yaml
jsonpath-ng,http://jsonpath-ng.readthedocs.io/en/latest/?badge=latest
jupyterlab-git,http://linkedin.com/in/michal-krassowski/
justext,http://code.google.com/p/justext/
kazoo,http://zope.com/
kconfiglib,http://docs.zephyrproject.org/reference/kconfig/index.html
kconfiglib,https://docs.zephyrproject.org/latest/guides/kconfig/tips.html
kconfiglib,https://docs.zephyrproject.org/latest/reference/kconfig/index.html
kedro,https://acensi.eu/page/home
keyring,http://socghop.appspot.com/
kmodes,https://app.codacy.com/app/nicodv/kmodes?utm_source=github.com
knack,https://cla.microsoft.com.
knockknock,https://api.telegram.org/bot
koalas,http://apache-spark-developers-list.1001551.n3.nabble.com/VOTE-SPIP-Support-pandas-API-layer-on-PySpark-td30996.html
kornia,http://drive.google.com/uc?export=view
kornia,https://arxiv.org/pdf/1910.02190.pdf
langdetect,https://code.google.com/p/language-detection/
language-tool-python,http://0.0.0.0:8081
language-tool-python,http://0.0.0.0:8081/v2/
launchable,https://docs.launchableinc.com/getting-started.
libhxl,http://docs.python-requests.org/en/master/
libhxl,http://hxlproject.org
libhxl,https://example.org/dataset.url
libsast,http://foo.bar
lifetimes,http://mktg.uni-svishtov.bg/ivm/resources/Counting_Your_Customers.pdf
line-bot-sdk,http://example.com/1
line-bot-sdk,http://example.com/2
line-bot-sdk,https://example.com/base
line-bot-sdk,https://example.com/cafe.jpg
line-bot-sdk,https://example.com/icon.jpg
line-bot-sdk,https://example.com/image.jpg
line-bot-sdk,https://example.com/item1.jpg
line-bot-sdk,https://example.com/item2.jpg
line-bot-sdk,https://example.com/original.jpg
line-bot-sdk,https://example.com/original.m4a
line-bot-sdk,https://example.com/original.mp4
line-bot-sdk,https://example.com/preview.jpg
line-bot-sdk,https://example.com/see_more.html
line-bot-sdk,https://example.com/video.mp4
line-bot-sdk,https://example.com/video_preview.jpg
linearmodels,https://codebeat.co/projects/github-com-bashtage-linearmodels-main
linformer-pytorch,https://arxiv.org/pdf/2006.04768.pdf
linkify-it-py,http://tamanegi.onion
lit,http://llvm.org/cmds/lit.html.
lithium-reducer,http://delta.tigris.org/
livereload,http://feedback.livereload.com/knowledgebase/articles/86242-how-do-i-install-and-use-the-browser-extensions-
lk21,https://acefile.co/f/25305243/meownime-moe_nn_byori_s2_-_720p-rar
lk21,https://anikyojin.net
lk21,https://drive.google.com/uc?export=view
lockfile,http://docs.openstack.org/developer/pylockfile
lockfile,http://lists.openstack.org/cgi-bin/mailman/listinfo/openstack-dev
logging,http://www.red-dove.com/python_logging.html
logilab-common,http://www.logilab.org/project/logilab-common
logutils,http://code.google.com/p/logutils/
luigi,http://help.mortardata.com/technologies/luigi
luigi,http://wsj.com
luigi,https://cian.ru/
lunardate,http://code.google.com/p/liblunar/
lupa,http://git.alpinelinux.org/cgit/luaposix
lupa,http://shootout.alioth.debian.org/u64/benchmark.php?test=all
lupa,http://shootout.alioth.debian.org/u64/program.php?test=mandelbrot
m3u8,http://10.10.1.10:1080
m3u8,http://10.10.1.10:3128
m3u8,http://str00.iptv.domain/7331/mpegts?token=longtokenhere
mailjet-rest,https://api.us.mailjet.com
mailjet-rest,https://api.us.mailjet.com/
mailjet-rest,https://app.mailjet.com/account/api_keys
mailjet-rest,https://dev.preprod.mailjet.com/reference/overview/versioning/
marisa-trie,https://bitbucket.org/kmike/marisa-trie
maturin,https://crates.io/crates/maturin
mechanicalsoup,http://docs.python-requests.org/en/latest/
mechanize,http://www.robotstxt.org/wc/norobots.html
mediapipe,https://arxiv.org/abs/1906.08172
meld3,http://www.repoze.org/LICENSE.txt
meshio,http://abaqus.software.polimi.it/v6.14/index.html
minimal-snowplow-tracker,https://circleci.com/gh/fishtown-analytics/snowplow-python-tracker
minimal-snowplow-tracker,https://circleci.com/gh/fishtown-analytics/snowplow-python-tracker/tree/master.svg?style=svg
mip,https://en.wikibooks.org/wiki/GLPK/GMPL_
mitmproxy,https://docs.mitmproxy.org/main/
modin,https://arxiv.org/pdf/2001.00888.pdf
motor,http://sphinx.pocoo.org/
mozilla-django-oidc,http://testrp:8081
mpmath,http://sphinx.pocoo.org/
mrjob,http://blip.tv/pycon-us-videos-2009-2010-2011/pycon-2011-mrjob-distributed-computing-for-everyone-4898987/
msal,https://account.microsoft.com
msal-extensions,https://cla.microsoft.com.
msgpack-python,http://mpld3.github.com
multiprocessing,http://code.google.com/p/python-multiprocessing
multiprocessing,http://code.google.com/p/python-multiprocessing/
multiprocessing,http://www.python.org/doc/2.6/library/multiprocessing.html
multiprocessing-logging,https://api.shippable.com/projects/57c8a389407d610f0052c211/badge?branch=master
multiprocessing-logging,https://api.shippable.com/projects/57c8a389407d610f0052c211/coverageBadge?branch=master
multiprocessing-logging,https://app.shippable.com/projects/57c8a389407d610f0052c211
naked,http://docs.naked-py.com/
naked,http://docs.naked-py.com/quickstart.html
naked,http://naked-py.com
names,http://testrun.org/tox/latest/
natto-py,http://pythontesting.net/framework/unittest/unittest-introduction/
natto-py,https://bitbucket.org/cffi/cffi
nbdime,http://jupyter.readthedocs.io/en/latest/contributor/content-contributor.html
nbstripout,http://bitbucket.org/mforbes/mmf_setup
ncclient,http://ncclient.org
ncclient,http://schmizz.net
ndjson,https://example.com/api/data
neuralprophet,https://arxiv.org/abs/2111.15397
newrelic,https://discuss.newrelic.com/c/support-products-agents/python-agent
newrelic,https://docs.newrelic.com/docs/accounts-partnerships/accounts/account-setup/license-key
newrelic,https://docs.newrelic.com/docs/agents/python-agent/getting-started/python-agent-quick-start
newrelic,https://docs.newrelic.com/docs/licenses/license-information/general-usage-licenses/support-plan
newrelic-telemetry-sdk,https://docs.newrelic.com/docs/apm/distributed-tracing/trace-api/trace-api-general-requirements-limits
newrelic-telemetry-sdk,https://docs.newrelic.com/docs/data-ingest-apis/get-data-new-relic/new-relic-sdks/telemetry-sdks-send-custom-telemetry-data-new-relic
newrelic-telemetry-sdk,https://docs.newrelic.com/docs/insights/insights-data-sources/custom-data/introduction-event-api
newrelic-telemetry-sdk,https://docs.newrelic.com/docs/introduction-new-relic-metric-api
newspaper3k,http://lifestyle.cnn.com
newspaper3k,http://someCDN.com/blah/blah/blah/file.png
newspaper3k,http://youtube.com/path/to/link.com
newspaper3k,https://coveralls.io/github/codelucas/newspaper
nlpaug,https://api.codacy.com/project/badge/Grade/2d6d1d08016a4f78818161a89a2dfbfb
nlpaug,https://arxiv.org/pdf/2003.11755.pdf
nlpaug,https://arxiv.org/pdf/2110.04413.pdf
nlpaug,https://arxiv.org/pdf/2110.07096.pdf
nlpaug,https://arxiv.org/pdf/2110.07280.pdf
nteract-scrapbook,https://codecov.io/github/nteract/scrapbook=main
null,https://bitbucket.org/ambv/null
nulltype,https://bitbucket.org/jeunice/nulltype
numdifftools,http://statsmodels.sourceforge.net/0.6.0/_modules/statsmodels/tools/numdiff.html
oauth,http://code.google.com/p/oauth
oauth2-client,http://somewhere.io:8080/oauth/code
oauth2-client,https://authorization-server/oauth/authorize
oci,http://www.apache.org/licenses/LICENSE-2.0.
oic,https://api.codacy.com/project/badge/Grade/2038cfa7c56b480db6ae18b8320d7157
olefile,http://blog.gregback.net/2011/03/using-remnux-for-forensic-puzzle-6/
oletools,http://viper.li/
oletools,https://app.sndbox.com
oletools,https://dridex.malwareconfig.com
onnxconverter-common,https://aiinfra.visualstudio.com/ONNX%20Converters/_build/latest?definitionId=689
onnxconverter-common,https://aiinfra.visualstudio.com/ONNX%20Converters/_build/latest?definitionId=690
onnxconverter-common,https://cla.microsoft.com.
openapi-spec-validator,http://example.com/openapi.json
opencensus-ext-azure,https://2.python-requests.org/en/master/
opsgenie-sdk,https://api.eu.opsgenie.com
opsgenie-sdk,https://api.opsgenie.com
opt-einsum,http://optimized-einsum.readthedocs.io/en/latest/backends.html
opt-einsum,http://optimized-einsum.readthedocs.io/en/latest/ex_large_expr_with_greedy.html
opt-einsum,http://optimized-einsum.readthedocs.io/en/latest/install.html
opt-einsum,http://optimized-einsum.readthedocs.io/en/latest/path_finding.html
opt-einsum,http://optimized-einsum.readthedocs.io/en/latest/reusing_paths.html
opt-einsum,http://optimized-einsum.readthedocs.io/en/latest/sharing_intermediates.html
optimizely-sdk,https://config.optimizely.com/datafiles/auth/
optimizely-sdk,https://docs.developers.optimizely.com/full-stack/docs.
optimizely-sdk,https://docs.developers.optimizely.com/full-stack/v4.0/docs/python-sdk.
orbit-ml,https://arxiv.org/abs/2004.08492
orbit-ml,https://eng.uber.com/orbit/
orderedset,https://crate.io/packages/orderedset?version=latest
os-win,http://docs.openstack.org/developer/os-win
oss2,http://bbs.aliyun.com
pact-python,http://python-guide-pt-br.readthedocs.io/en/latest/dev/virtualenvs/
pandasql,http://blog.yhathq.com/posts/pandasql-sql-for-pandas-dataframes.html
pandocfilters,http://blockdiag.com.
parse-torrent-name,http://divijbindlish.in
parse-torrent-name,http://thetvdb.com/wiki/index.php?title=Programmers_API
parsedatetime,https://dependencyci.com/github/bear/parsedatetime/badge
parsimonious,http://doc.pypy.org/en/latest/rlib.html
parsimonious,http://ialab.cs.tsukuba.ac.jp/
passlib,http://pgp.mit.edu:11371/pks/lookup?op=get
pathlib,https://bitbucket.org/pitrou/pathlib/
pathlib2,https://bitbucket.org/pitrou/pathlib/
pattern,http://www.clips.ua.ac.be/pages/pattern
pdbpp,http://bitbucket.org/antocuni/fancycompleter
pdbpp,http://bitbucket.org/antocuni/wmctrl
pdbpp,https://bitbucket.org/antocuni/pdb/issue/37/doesn-t-install-on-os-x
pdbpp,https://bitbucket.org/antocuni/pdb/pull-request/11
pdbpp,https://bitbucket.org/antocuni/pdb/pull-request/25
pdbpp,https://bitbucket.org/antocuni/pdb/pull-request/30
pdbpp,https://bitbucket.org/antocuni/pdb/pull-request/33
pdbpp,https://bitbucket.org/antocuni/pdb/pull-request/35/use-funcsigs-package-instead-of/diff
pdbpp,https://bitbucket.org/antocuni/pdb/pull-request/38/support-pip-install-and-wheels-natively/diff
pdfplumber,http://dspace.cc.tut.fi/dpub/bitstream/handle/123456789/21520/Nurminen.pdf?sequence=3
peppercorn,http://www.repoze.org/LICENSE.txt
petastorm,http://spark.apache.org/docs/latest/api/python/pyspark.html
petastorm,https://eng.uber.com/petastorm/
pint,http://www.dimensionalanalysis.org/
pipreqs,http://10.10.1.10:3128
pipreqs,https://10.10.1.10:1080
plantuml-markdown,http://gpo.zugaina.org/dev-util/plantuml/RDep:
platformdirs,https://docs.microsoft.com/en-us/previous-versions/windows/it-pro/windows-vista/cc766489
plette,http://plette.readthedocs.io/en/master/?badge=master
plotly-express,https://community.plot.ly/c/api/python
polars,https://crates.io/crates/arrow2
polars,https://crates.io/crates/polars
portalocker,http://portalocker.readthedocs.io/en/latest/_modules/tests/tests.html
postal-address,http://postal-address.readthedocs.io/en/develop/
prance,http://morevenb.com/
prefect,https://api.github.com/repos/
premailer,http://www.peterbe.com/folder/
premailer,http://www.peterbe.com/page.html
premailer,http://www.peterbe.com/some/page.html
pretrainedmodels,http://data.lip6.fr/cadene/pretrainedmodels/nasnetalarge-a1897284.pth
prometheus-api-client,https://api.codacy.com/project/badge/Grade/7d838be9b51e4daaa20be1772f5c9ad2
promise,http://promises-aplus.github.com/promises-spec/
property-cached,https://bitbucket.org/pypy/pypy/issue/2033/attributeerror-object-attribute-is-read
prophet,http://robjhyndman.com/software/forecast/
prospector,https://docs.pylint.org/
protego,http://example.com/about
protego,http://example.com/account
protego,http://example.com/account/contact
protego,http://example.com/account/myuser/profile
protego,http://example.com/profiles
protego,http://example.com/sitemap-index.xml
proxy-py,http://api.example.com/v1/users/
proxy-py,http://httpbin.org/post
proxy-py,https://abhinavsingh.com/proxy-py-a-lightweight-single-file-http-proxy-server-in-python/
psycogreen,http://initd.org/psycopg/
psycogreen,http://initd.org/psycopg/docs/advanced.html
psycogreen,http://initd.org/psycopg/docs/extensions.html
ptable,http://code.google.com/p/prettytable/w/list
ptpython,http://jedi.jedidjah.ch/en/latest/
publicsuffix,http://code.google.com/p/python-public-suffix-list/
publicsuffix2,http://code.google.com/p/python-public-suffix-list/
pudb,http://wiki.tiker.net/PuDB
pulp,http://mipcl-cpp.appspot.com/
pwlf,http://golovchenko.org/docs/ContinuousPiecewiseLinearFit.pdf
py-vapid,https://PushServer
pyaml,https://bitbucket.org/ruamel/yaml/
pyarrow,https://arrow.apache.org/docs/latest/python/benchmarks.html
pyasn,http://data.3tu.nl/repository/uuid:d4d23b8e-2077-4592-8b47-cb476ad16e12
pyasn,http://econsec.tbm.tudlft.nl
pybcj,https://coveralls.io/github/miurahr/pybcj?branch=main
pybuildkite,https://badge.buildkite.com/89bf10df4492f2f2d61ca707078828824fec3b08cb85192e6d.svg
pycalverter,https://bitbucket.org/bayazee/pycalverter/overview
pycaret,http://hits.dwyl.com/pycaret/pycaret/pycaret
pycel,http://www.dirkgorissen.com/2011/10/19/
pychromecast,https://chrome.google.com/webstore/detail/google-cast/boadgeojelhgndaghljhdicfkmllpafd
pyclipper,http://www.gregorratajc.com
pyclipper,http://www.lukastreyer.com
pycobertura,http://ciserver/artifacts/
pycobertura,https://ciserver/artifacts/
pycountry-convert,http://hits.dwyl.io/TuneLab/pycountry-convert
pycountry-convert,https://coveralls.io/r/TuneLab/pycountry-convert
pycrypto,http://www.pycrypto.org/submission-requirements/.
pycurl,http://cool.haxx.se/mailman/listinfo/curl-and-python
pydruid,http://www.scipy.org/stackspec.html
pyexecjs,http://www.mozilla.org/js/spidermonkey/
pyfakefs,http://code.google.com/p/shiffdane-jmcgeheeiv-pyfakefs/
pyftpdlib,http://www.code.google.com/chromium/
pyftpdlib,http://www.linkedin.com/in/grodola
pyftpdlib,http://www.openvms.org/
pyftpdlib,https://admin.fedoraproject.org/pkgdb/packages/name/pyftpdlib
pyfunctional,http://docs.pyfunctional.org
pyfunctional,http://docs.pyfunctional.org/en/latest/functional.html
pyfunctional,https://docs.pyfunctional.org/en/master/
pygdbmi,http://andresabino.com/2015/04/14/codesign-gdb-on-mac-os-x-yosemite-10-10-2/
pygeoif,http://www.cgafaq.info/wiki/Polygon_Area.
pygeoif,https://bitbucket.org/sgillies/descartes/
pyhdb,http://scn.sap.com/docs/DOC-31722
pyhdb,http://stackoverflow.com/questions/tagged/pyhdb
pyhive,https://cwiki.apache.org/confluence/display/Hive/Setting
pyinotify,http://seb-m.github.com/pyinotify
pyjarowinkler,http://www.amstat.org/sections/srms/Proceedings/papers/1990_056.pdf
pykwalify,http://www.kuwata-lab.com/kwalify/
pykwalify,http://www.kuwata-lab.com/kwalify/ruby/users-guide.01.html
pylbfgs,http://numpy.scipy.org/
pyldavis,http://stat-graphics.org/movies/ldavis.html
pylev,http://en.wikipedia.org/wiki/Levenshtein_distance.
pylev,http://travis-ci.com/toastdriven/pylev
pylibmc,http://sendapatch.se/
pylibmc,http://sendapatch.se/projects/pylibmc/
pymannkendall,https://doi.org/10.1002/hyp.1095
pymannkendall,https://doi.org/10.1016/S0022-1694
pymannkendall,https://doi.org/10.1021/es051650b
pymannkendall,https://doi.org/10.1029/2001WR000861
pymannkendall,https://doi.org/10.1029/WR018i001p00107
pymannkendall,https://doi.org/1010.1002/env.507
pymc,https://docs.pymc.io/en/stable/pymc-examples/examples/pymc3_howto/api_quickstart.html
pymc3,http://docs.pymc.io/api
pymc3,http://docs.pymc.io/notebooks/api_quickstart
pymc3,http://docs.pymc.io/notebooks/getting_started
pymc3,https://docs.pymc.io/nb_examples/index.html
pymobiledetect,https://bitbucket.org/trbs/pymobiledetect/overview
pymobiledetect,https://drone.io/bitbucket.org/trbs/pymobiledetect/
pymobiledetect,https://drone.io/bitbucket.org/trbs/pymobiledetect/status.png
pymongo,https://developer.mongodb.com/community/forums/tag/python-driver
pymongo-auth-aws,https://developer.mongodb.com/community/forums/tag/python-driver
pymongo-opentracing,http://opentracing.us13.list-manage.com/subscribe?u=180afe03860541dae59e84153
pymsteams,https://2.python-requests.org/en/master/user/advanced/
pymsteams,https://2.python-requests.org/en/master/user/quickstart/
pyocclient,http://domain.tld/owncloud
pyocclient,http://domain.tld/owncloud/A1B2C3D4
pyotp,https://chart.apis.google.com/chart?cht=qr
pypdf4,http://claird.github.com/PyPDF4
pypika,https://api.codacy.com/project/badge/Grade/6d7e44e5628b4839a23da0bd82eaafcf
pyproj,http://davidhaberth
pyproj,http://www.justaprogrammer.net/profile/justin
pypsexec,https://docs.microsoft.com/en-us/previous-versions/windows/it-pro/windows-server-2008-R2-and-2008/dd835564
pypsrp,http://schemas.microsoft.com/wbem/wsman/1/windows/shell/cmd
pyramid,http://repoze.org/license.html
pyrepl,http://bitbucket.org/pypy/pyrepl/
pyro-ppl,http://eng.uber.com/pyro
pyro-ppl,https://eng.uber.com/modeling-censored-time-to-event-data-using-pyro/
pyro-ppl,https://eng.uber.com/oed-pyro-release/
pysftp,https://drone.io/bitbucket.org/dundeemt/pysftp/latest
pysftp,https://drone.io/bitbucket.org/dundeemt/pysftp/status.png
pyshp,http://www.esri.com/library/whitepapers/p
pyside2,https://code.qt.io/pyside/pyside-setup
pyspark-stubs,http://apache-spark-developers-list.1001551.n3.nabble.com/
pyspark-stubs,http://apache-spark-developers-list.1001551.n3.nabble.com/PYTHON-PySpark-typing-hints-td21560.html
pyspark-stubs,http://apache-spark-developers-list.1001551.n3.nabble.com/Re-PySpark-Revisiting-PySpark-type-annotations-td26232.html
pystache,http://PennyDreadfulMTG.github.com/pystache
pystache,http://mustache.github.com/
pystache,http://packages.python.org/distribute/
pystache,https://code.google.com/p/google-ctemplate/
pystache,https://codeclimate.com/github/PennyDreadfulMTG/pystache/maintainability
pytablewriter,https://cdn.jsdelivr.net/gh/thombashi/pytablewriter
pytablewriter,https://cdn.jsdelivr.net/gh/thombashi/pytablewriter-altrow-theme
pytelegrambotapi,https://api.telegram.org/botololo/sendMessage
pytelegrambotapi,https://api.telegram.org/file/bot
pytest-azurepipelines,https://dev.azure.com/AnthonyShaw/pytest-azurepipelines/_apis/build/status/tonybaloney.pytest-azurepipelines?branchName=master
pytest-azurepipelines,https://dev.azure.com/AnthonyShaw/pytest-azurepipelines/_build/latest?definitionId=3?branchName=master
pytest-cache,http://bitbucket.org/hpk42/pytest-cache
pytest-cache,http://bitbucket.org/hpk42/pytest-cache/
pytest-cache,http://bitbucket.org/hpk42/pytest-cache/issues
pytest-cache,http://pytest.org/latest/funcargs.html
pytest-localserver,http://pytest.org/latest/funcargs.html
pytest-localserver,http://testrun.org/tox/
pytest-monitor,https://circleci.com/gh/jsd-spif/pymonitor.svg?style=svg
pytest-nunit,https://docs.pytest.org/en/3.0.1/xdist.html
pytest-otel,https://apm.example.com:8200
pytest-reportportal,http://192.168.1.10:8080
pytest-reportportal,https://bugzilla.some.com/show_bug.cgi?id=
pytest-watch,http://growl.info/downloads
pytgcalls,https://docs.pyrogram.org/intro/setup
python-benedict,https://badges.pufler.dev
python-benedict,https://badges.pufler.dev/visits/fabiocaccamo/python-benedict?label=visitors
python-cinderclient,http://controller:5000/v3
python-etcd,https://api.example.com:443/etcd
python-fsutil,https://badges.pufler.dev
python-fsutil,https://badges.pufler.dev/visits/fabiocaccamo/python-fsutil?label=visitors
python-geohash,http://code.google.com/p/python-geohash/
python-graphql-client,https://countries.trevorblades.com
python-helpscout-v2,https://api.helpscout.net/v2/mailboxes/1930
python-helpscout-v2,https://api.helpscout.net/v2/mailboxes/1930/fields/
python-helpscout-v2,https://api.helpscout.net/v2/mailboxes/1930/folders/
python-helpscout-v2,https://api.helpscout.net/v2/users/12391
python-ironicclient,http://ironic.example.org:6385/
python-jwt,http://www.openssl.org/docs/crypto/pem.html
python-keycloak,http://www.agriness.com/pt/
python-keycloak,https://bitbucket.org/Remco47/
python-keystoneclient,http://example.com:5000/v3
python-levenshtein,http://celljam.net/
python-levenshtein,http://webandmobile.mfabrik.com
python-levenshtein-wheels,http://celljam.net/
python-levenshtein-wheels,http://webandmobile.mfabrik.com
python-magic,https://bugs.astron.com/my_view_page.php.
python-nmap,http://xael.org/norman/python/python-nmap/
python-on-whales,https://downl
python-on-whales,https://download.docker.com/linux/ubuntu/g
python-openstackclient,https://docs.openstack.org/python-openstackclient/latest/cli/authentication.html.
python-redmine,http://docs.python-requests.org/en/latest/api/
python-redmine,http://redmine.url
python-redmine,http://www.
python-status,http://some-url
python-subunit,http://www.dlugosz.com/ZIP2/VLI.html.
python-twitter,http://code.google.com/p/python-twitter/issues/detail?id=150
python-twitter,http://code.google.com/p/python-twitter/issues/detail?id=159
python-twitter,http://code.google.com/p/python-twitter/issues/detail?id=165
python-twitter,http://code.google.com/p/python-twitter/issues/detail?id=166
python-twitter,http://code.google.com/p/python-twitter/issues/detail?id=174
python-twitter,http://code.google.com/p/python-twitter/issues/detail?id=19
python-twitter,http://code.google.com/p/python-twitter/issues/detail?id=193
python-twitter,http://code.google.com/p/python-twitter/issues/detail?id=62
python-twitter,http://code.google.com/p/python-twitter/issues/detail?id=80
python-twitter,http://code.google.com/p/python-twitter/issues/detail?id=94
python-twitter,https://code.google.com/p/python-twitter/issues/detail?id=184
python-twitter,https://code.google.com/p/python-twitter/issues/detail?id=206
python-twitter,https://code.google.com/p/python-twitter/issues/detail?id=211
python-twitter,https://dependencyci.com/github/bear/python-twitter/badge
python-twitter,https://dev.twitter.com/docs/api/1/get/trends
python-twitter,https://dev.twitter.com/oauth/overview
pytorch-forecasting,https://arxiv.org/pdf/1912.09363.pdf
pytorch-metric-learning,https://arxiv.org/pdf/1911.05722.pdf
pytorch-pretrained-bert,https://circleci.com/gh/huggingface/pytorch-pretrained-BERT
pytorch-pretrained-bert,https://circleci.com/gh/huggingface/pytorch-pretrained-BERT.svg?style=svg
pytorch-pretrained-bert,https://ext-bert-sample.obs.eu-de.otc.t-systems.com/small_wiki_sentence_corpus.txt
pytrends,https://34.203.233.13:80
pytrends,https://35.201.123.31:880
pytz,http://www.iana.org/time-zones.
pyvmomi,http://pyvmomi.2338814.n4.nabble.com
pywebpush,http://docs.python-requests.org/en/master/user/quickstart/
pywinauto,http://pywinauto.github.io/
pywinrm,http://windows-host
pywinrm,http://windows-host:1111
pywinrm,http://windows-host:1111/wsman
pywinrm,http://windows-host:5985/wsman
pyzabbix,http://zabbixserver.example.com
qpd,https://docs.ray.io/en/ray-0.3.1/api.html
randomstuff-py,https://api.pgamerx.com/register
ray,https://arxiv.org/abs/2203.05072
ray,https://docs.ray.io/en/latest/workflows/concepts.html
razorpay,https://dashboard.razorpay.com/
rdflib,http://example.com/person/nick
rdflib,http://xmlns.com/foaf/0.1/givenName
rdflib-jsonld,http://example.org/about
readability-lxml,http://lab.arc90.com/experiments/readability/
readability-lxml,http://www.minvolai.com/blog/decruft-arc90s-readability-in-python/
recordclass,https://bitbucket.org/intellimath/recordclass/examples
recordlinkage,http://recordlinkage.readthedocs.io/en/latest/notebooks/data_deduplication.html
recordlinkage,http://recordlinkage.readthedocs.io/en/latest/notebooks/link_two_dataframes.html
recordtype,https://bitbucket.org/ericvsmith/namedlist
recordtype,https://bitbucket.org/ericvsmith/recordtype
repoze-lru,http://www.repoze.org
repoze-lru,http://www.repoze.org/LICENSE.txt
repoze-who,http://bugs.repoze.org/issue102:
repoze-who,http://bugs.repoze.org/issue114
repoze-who,http://bugs.repoze.org/issue122
repoze-who,http://bugs.repoze.org/issue145
repoze-who,http://bugs.repoze.org/issue155
repoze-who,http://bugs.repoze.org/issue174
repoze-who,http://bugs.repoze.org/issue178
repoze-who,http://bugs.repoze.org/issue184
repoze-who,http://bugs.repoze.org/issue40
repoze-who,http://bugs.repoze.org/issue66
repoze-who,http://bugs.repoze.org/issue71
repoze-who,http://bugs.repoze.org/issue79
repoze-who,http://bugs.repoze.org/issue81
repoze-who,http://bugs.repoze.org/issue92
repoze-who,http://lists.repoze.org/pipermail/repoze-dev/2010-November/003680.html
repoze-who,http://www.plope.com/static/misc/sphinxtest/intro.html
repoze-who,http://www.repoze.org
repoze-who,http://www.repoze.org/LICENSE.txt
requests-cache,https://docs.python-requests.org/en/master/user/advanced/
requests-futures,http://docs.python-requests.org/en/master/user/advanced/
requests-html,http://feedproxy.google.com/
requests-http-signature,http://docs.python-requests.org/en/master/user/authentication/
requests-http-signature,https://docs.python-requests.org/en/latest/api/
requests-kerberos,https://externalhost.example.org/
requests-mock,http://test.com
requests-ntlm2,http://ntlm_protected_site.com
requests-ntlm3,http://ntlm_protected_site.com
requests-oauth,http://api.imgur.com/oauth/access_token
requests-oauth,http://api.imgur.com/oauth/authorize?oauth_token=%s
requests-oauth,http://api.imgur.com/oauth/request_token
requests-oauth,http://api.twitter.com/1/account/rate_limit_status.json
requests-oauth,http://api.twitter.com/1/statuses/update.json
requests-oauth,https://dev.twitter.com/docs/auth/implementing-sign-twitter
requests-oauthlib,https://api.twitter.com/1/account/settings.json
requests-opentracing,http://docs.python-requests.org/en/master/
requests-opentracing,http://opentracing.us13.list-manage.com/subscribe?u=180afe03860541dae59e84153
requests-pkcs12,http://docs.python-requests.org/en/master/user/advanced/
requests-pkcs12,https://example.com/test
requests-toolbelt,http://httpbin.org/post
requirements-detector,http://www.pip-installer.org/en/latest/logic.html
resnest,https://arxiv.org/abs/2004.08955
responses,http://calc.com/prod
responses,http://calc.com/sum
responses,http://example.com/1
responses,http://example.com/2
responses,http://example.com/3
responses,http://example.com/test
responses,http://example.com/test?I
responses,http://httpbin.org/post
restrictedpython,http://www.zope.org/Collectors/Zope/2295:
restrictedpython,https://bitbucket.org/pypy/pypy/issues/2653
rethinkdb,https://api.codacy.com/project/badge/Coverage/2b5231a6f90a4a1ba2fc795f8466bbe4
rethinkdb,https://api.codacy.com/project/badge/Grade/2b5231a6f90a4a1ba2fc795f8466bbe4
rfc3986,http://example.com/Some/reallY/biZZare/pAth
rfc3986,http://example.com/some/really/bizzare/path
rfc3987,http://a/b
rfc3987,http://a/g
rfc3987,http://docs.python.org/library/re
rjsmin,http://www.crockford.com/javascript/jsmin.c
robotframework,http://robotframework.org/foundation
robotframework-browser,http://www.binary-overflow.de
robotremoteserver,http://10.0.0.42:57347
robotremoteserver,http://10.0.0.42:57347.
routes,http://wsgi.org/wsgi/Specifications/routing_args
rpaframework,https://devpi.robocorp.cloud/ci/test
rq-scheduler,https://en.wikipedia.org/wiki/Cron.
ruamel-ordereddict,http://www.voidspace.org.uk/python/odict.html
ruamel-ordereddict,https://bitbucket.org/ruamel/ordereddict
ruamel-yaml,https://bitbucket.org/%7B8f377d12-8d5b-4069-a662-00a2674fee4e%7D/
rules,https://docs.djangoproject.com/en/1.9/topics/auth/default/
ruyaml,https://bitbucket.org/%7B8f377d12-8d5b-4069-a662-00a2674fee4e%7D/
sahi,https://arxiv.org/abs/2202.06934
sailthru-client,http://docs.python-requests.org/en/latest/
salesforce-fuelsdk,https://auth-test.exacttargetapis.com/v1/requestToken?legacy=1
salesforce-fuelsdk,https://auth.exacttargetapis.com/v1/requestToken?legacy=1
salesforce-fuelsdk,https://code.exacttarget.com/question/not-able-create-accesstoken-when-clientidsecret-associated-preproduction-account
salesforce-fuelsdk,https://code.exacttarget.com/question/there-any-cetificrate-install-our-server-access-et-api
salib,http://https://pandas.pydata.org/
salib,https://doi.org/10.1016/S0010-4655
salib,https://doi.org/10.1021/jp9096919
sanic-cors,http://flask.pocoo.org/snippets/56/
sarif-om,https://cla.opensource.microsoft.com.
schema,https://example.com/my-schema.json
schwifty,https://black.readthedocs.io/en/stable/editor_integration.html
scikit-multilearn,http://scikit.ml/api/base.html
scikit-multilearn,http://scikit.ml/api/classify.html
scikit-multilearn,http://scikit.ml/api/meka.html
scons,http://www.scons.org/documentation.html.
scrapbook,https://codecov.io/github/nteract/scrapbook=main
scrapy-selenium,http://www.seleniumhq.org/about/platforms.jsp
scrapy-sentry,http://public:secret
scrapy-splash,http://192.168.59.103:8050
scrapy-splash,http://example.com/foo
scrapyd-client,http://other.example.com/api/scrapyd
scrapyd-client,http://scrapyd.example.com/api/scrapyd
scrapyd-client,http://scrapyd.example.net
search-engine-parser,http://123.12.1.0
search-engine-parser,http://ashokkumarta.blogspot.com/
secrets,http://tuohela.net/packages/secrets
selenium-wire,http://192.168.10.100:8888
selenium-wire,http://user:pass
selenium-wire,https://192.168.10.100:8888
selenium-wire,https://consent.google.com/status?continue=https://www.google.com
seleniumbase,https://docs.qameta.io/allure/
sendgrid,https://dx.sendgrid.com/badge/python
sendgrid,https://dx.sendgrid.com/newsletter/python
sentence-transformers,https://arxiv.org/abs/2012.14210
sentence-transformers,https://arxiv.org/abs/2104.06979
sentence-transformers,https://arxiv.org/abs/2104.08663
sentry-sdk,https://12927b5f211046b575ee51fd8b1ac34f
setuptools-git,http://docs.python.org/dist/dist.html
setuptools-git,https://bitbucket.org/zooko
sgmllib3k,http://hg.hardcoded.net/sgmllib
sgqlc,http://server.com/graphql
sgqlc,https://api.github.com/users/...
sgqlc,https://api.github.com/users/.../events
sgqlc,https://api.github.com/users/.../followers
sgqlc,https://api.github.com/users/.../following
sgqlc,https://api.github.com/users/.../gists
sgqlc,https://api.github.com/users/.../orgs
sgqlc,https://api.github.com/users/.../received_events
sgqlc,https://api.github.com/users/.../repos
sgqlc,https://api.github.com/users/.../starred
sgqlc,https://api.github.com/users/.../subscriptions
sh,https://amoffat.github.com/sh
shareplum,https://abc.com/sites/MySharePointSite/
shareplum,https://abc.sharepoint.com
shareplum,https://abc.sharepoint.com/sites/MySharePointSite/
sharepy,http://docs.python-requests.org/en/master/
sharepy,https://example.sharepoint.com
sharepy,https://example.sharepoint.com/Library/Test%20File.pdf
sharepy,https://example.sharepoint.com/_api/...
sharepy,https://example.sharepoint.com/_api/web/lists/GetByTitle
shiboken2,https://doc.qt.io/qtforpython/shiboken2/shibokenmodule.html
shtab,https://caspersci.uk.to/cgi-bin/hits.cgi?q=shtab
shtab,https://docs.python.org/library/argparse
signalfx,https://api.
simple-salesforce,http://10.10.1.10:1080
simple-salesforce,http://10.10.1.10:3128
simplefix,http://www.fixtradingcommunity.org/pg/structure/tech-specs/fix-protocol
simpleitk,http://www.java.com
simpy,https://bitbucket.org/simpy/simpy/
simpy,https://bitbucket.org/simpy/simpy/issue/
simpy,https://bitbucket.org/simpy/simpy/issue/49
simpy,https://bitbucket.org/simpy/simpy/issue/52
simpy,https://bitbucket.org/simpy/simpy/issue/63
simpy,https://bitbucket.org/simpy/simpy/issue/64
simpy,https://bitbucket.org/simpy/simpy/pull-request/30
sktime,https://calendar.google.com/calendar/u/0/embed?src=sktime.toolbox
slacker,http://myproxy:3128
socksipy-branch,http://socksipy-branch.googlecode.com/files/SocksiPy-branch-1.01.tar.gz
sodapy,http://docs.python-requests.org/en/latest/
sodapy,http://foo.bar.com
sphinx-autoapi,http://usejsdoc.org/
splunk-handler,http://10.10.1.10:1080
splunk-handler,http://10.10.1.10:3128
sqlalchemy-migrate,http://lists.openstack.org/cgi-bin/mailman/listinfo/openstack-dev
sqlalchemy-redshift,http://initd.org/psycopg/docs/install.html
sseclient,http://mysite.com/sse_stream/
sseclient-py,http://domain.com/events
stanza,http://ip:port
stanza,https://arxiv.org/abs/2003.07082
stanza,https://arxiv.org/abs/2007.14640
starlette,http://docs.python-requests.org/en/master/
static3,http://localhost:9999.D
static3,http://purl.org/kid/ns
statistics,http://pythonhosted.org//setuptools/python3.html
stomp-py,http://stompserver.rubyforge.org
stop-words,http://badge.kloud51.com/pypi/d/stop-words.svg
stop-words,http://badge.kloud51.com/pypi/e/stop-words.svg
stop-words,http://badge.kloud51.com/pypi/f/stop-words.svg
stop-words,http://badge.kloud51.com/pypi/i/stop-words.svg
stop-words,http://badge.kloud51.com/pypi/l/stop-words.svg
stop-words,http://badge.kloud51.com/pypi/p/stop-words.svg
stop-words,http://badge.kloud51.com/pypi/s/stop-words.svg
stop-words,http://badge.kloud51.com/pypi/v/stop-words.svg
stop-words,http://badge.kloud51.com/pypi/w/stop-words.svg
stopit,http://gahtune.blogspot.fr/2013/08/a-timeout-context-manager.html
strawberry-graphql,http://0.0.0.0:8000/graphql
strict-rfc3339,http://www.danielrichman.co.uk/libraries/strict-rfc3339.html
stringcase,http://okunishitaka.com
structlog-sentry,https://api.example.com/users/
stumpy,https://arxiv.org/abs/1901.05708
stups-tokens,https://example.com/access_tokens
suds-jurko,http://bitbucket.org/jurko/suds
suds-jurko,http://bitbucket.org/jurko/suds/downloads/suds-jurko-0.6.tar.bz2
superlance,http://www.repoze.org/LICENSE.txt
supervisor,http://supervisord.org/manual/
supervisor,http://www.plope.com/software/collector/215
supervisor,http://www.plope.com/software/collector/252
supervisor,http://www.plope.com/software/collector/253
supervisor,http://www.plope.com/software/collector/257.
supervisor,http://www.plope.com/software/collector/262
supervisor,http://www.repoze.org/LICENSE.txt
sure,http://pydoc.net/sure
svgwrite,http://readthedocs.org/docs/svgwrite
swimlane,https://10.20.30.40
sympy,https://docs.sympy.org/dev/aboutus.html
tabulator,http://example.com/data.csv.zip
tabulator,http://example.com/some/page.aspx
tabulator,https://docs.google.com/spreadsheets/d/
tabulator,https://docs.puthon-requests.org/en/master/user/advanced/
tabulator,https://example.com/data.csv
tatsu,http://blog.marcus-brinkmann.de/
tatsu,http://dietbuddha.blogspot.com/2012/12/52python-encapsulating-exceptions-with.html
tatsu,http://pegjs.majda.cz/
tatsu,http://www.jeffknupp.com/blog/2013/02/06/write-cleaner-python-use-exceptions/
tatsu,http://www.usb.ve/
tatsu,https://bitbucket.org/neogeny/grako/
tatsu,https://bitbucket.org/r_speer
tatsu,https://circleci.com/gh/neogeny/TatSu
tatsu,https://circleci.com/gh/neogeny/TatSu.svg?style=shield
tavern,http://docs.python-requests.org/en/master/
tblib,https://bitbucket.org/pypy/pypy/issues/2532/pypy3-attributeerror-frame-object-has-no
tcolorpy,https://cdn.jsdelivr.net/gh/thombashi/tcolorpy
td-client,http://docs.treasuredata.com/articles/rest-api-python-client
teamcity-messages,http://twistedmatrix.com/trac/wiki/TwistedTrial
teamcity-messages,https://confluence.jetbrains.com/display/ALL/JetBrains
tensorflow-data-validation,https://conf.slac.stanford.edu/xldb2018/sites/xldb2018.conf.slac.stanford.edu/files/Tues_09.45_NeoklisPolyzotis_Data%20Analysis%20and%20Validation%20
tensorflow-probability,http://www.icml-2011.org/papers/398_icmlpaper.pdf
tentaclio,http://hostname/file.txt
tentaclio,http://user:pass
termstyle,http://www.ecma-international.org/publications/files/ECMA-ST/Ecma-048.pdf
testing-common-database,https://codeclimate.com/github/tk0miya/testing.common.database
testing-common-database,https://codeclimate.com/github/tk0miya/testing.common.database/badges/gpa.svg
testrail-api,https://example.testrail.com/
textdistance,http://bioinfo.ict.ac.cn/
textdistance,http://cpansearch.perl.org/src/SCW/Text-JaroWinkler-0.1/strcmp95.c
textdistance,https://articles.life4web.ru/other/ncd/
tf-agents,https://deepmind.com/research/dqn/
tgcalls,https://docs.pyrogram.org/intro/setup
theano,http://deeplearning.net/software/theano/
theano,http://numpy.scipy.org/
theano-pymc,http://deeplearning.net/software/theano/
theano-pymc,http://numpy.scipy.org/
threadpool,http://chrisarndt.de/projects/threadpool/
threadpool,http://chrisarndt.de/projects/threadpool/download/
throttler,https://app.codacy.com/manual/uburuntu/throttler?utm_source=github.com
tifffile,http://www.cipa.jp/std/documents/e/DC-008-Translation-2016-E.pdf
tifffile,https://diagnostics.roche.com/content/dam/diagnostics/Blueprint/en/pdf/rmd/
tifffile,https://docs.scanimage.org/Appendix/ScanImage
tika,http://memex.jpl.nasa.gov
tika,http://tika:9998/tika
tilemapbase,http://docs.python-requests.org/en/master/
timeloop,http://66.42.57.109/timeloop.jpg
times,http://crsmithdev.com/arrow/
timm,https://arxiv.org/abs/1804.04235
timm,https://arxiv.org/abs/1805.00932
timm,https://arxiv.org/abs/1805.09501
timm,https://arxiv.org/abs/1812.03443
timm,https://arxiv.org/abs/1904.02877
timm,https://arxiv.org/abs/1905.11286
timm,https://arxiv.org/abs/1905.11946
timm,https://arxiv.org/abs/1907.00837
timm,https://arxiv.org/abs/1907.08610
timm,https://arxiv.org/abs/1907.09595
timm,https://arxiv.org/abs/1908.03265
timm,https://arxiv.org/abs/1910.03151
timm,https://arxiv.org/abs/1910.03151v4
timm,https://arxiv.org/abs/1911.04252
timm,https://arxiv.org/abs/1911.06667
timm,https://arxiv.org/abs/1911.11929
timm,https://arxiv.org/abs/2003.13630
timm,https://arxiv.org/abs/2003.13678
timm,https://arxiv.org/abs/2004.08955
timm,https://arxiv.org/abs/2006.02049
timm,https://arxiv.org/abs/2006.14090
timm,https://arxiv.org/abs/2007.00992
timm,https://arxiv.org/abs/2012.12877
timm,https://arxiv.org/abs/2101.03697
timm,https://arxiv.org/abs/2101.08692
timm,https://arxiv.org/abs/2101.11605
timm,https://arxiv.org/abs/2103.12731
timm,https://arxiv.org/abs/2103.14030
timm,https://arxiv.org/abs/2103.14899
timm,https://arxiv.org/abs/2103.16302
timm,https://arxiv.org/abs/2103.17239
timm,https://arxiv.org/abs/2104.00298
timm,https://arxiv.org/abs/2104.01136
timm,https://arxiv.org/abs/2104.06399
timm,https://arxiv.org/abs/2106.08254
timm,https://arxiv.org/abs/2106.09681
timm,https://arxiv.org/abs/2106.13112
timm,https://arxiv.org/abs/2109.15099
timm,https://arxiv.org/abs/2110.00476
timm,https://arxiv.org/abs/2110.02178
timm,https://arxiv.org/abs/2111.09883
timm,https://arxiv.org/abs/2111.11418
timm,https://arxiv.org/abs/2111.14725
timm,https://arxiv.org/abs/2201.03545
timm,https://arxiv.org/abs/2203.09795
timm,https://arxiv.org/abs/2206.02680
timm,https://arxiv.org/abs/2206.10589
timm,https://arxiv.org/pdf/2104.13840.pdf
timm,https://arxiv.org/pdf/2204.07118.pdf
tinysegmenter,http://nltk.org/api/nltk.tokenize.html
tld,http://some.subdomain.google.co.uk
tld,http://www.foreverchild
tld,http://www.google.idontexist
tldextract,http://forums.bbc.co.uk
tldextract,http://forums.bbc.co.uk/
tldextract,http://forums.news.cnn.com/
tldextract,http://www.worldbank.org.kg/
torch-geometric,https://arxiv.org/abs/1806.03536
torch-geometric,https://arxiv.org/abs/1806.08804
torch-geometric,https://arxiv.org/abs/1811.01287
torch-geometric,https://arxiv.org/abs/1901.01343
torch-geometric,https://arxiv.org/abs/1901.08150
torch-geometric,https://arxiv.org/abs/1902.07153
torch-geometric,https://arxiv.org/abs/1902.07987
torch-geometric,https://arxiv.org/abs/1904.03751
torch-geometric,https://arxiv.org/abs/1904.04849
torch-geometric,https://arxiv.org/abs/1904.05530
torch-geometric,https://arxiv.org/abs/1905.07953
torch-geometric,https://arxiv.org/abs/1905.10990
torch-geometric,https://arxiv.org/abs/1905.12265
torch-geometric,https://arxiv.org/abs/1906.12192
torch-geometric,https://arxiv.org/abs/1907.00481
torch-geometric,https://arxiv.org/abs/1907.04931
torch-geometric,https://arxiv.org/abs/1911.05485
torch-geometric,https://arxiv.org/abs/1911.06750
torch-geometric,https://arxiv.org/abs/2003.03123
torch-geometric,https://arxiv.org/abs/2003.13663
torch-geometric,https://arxiv.org/abs/2006.06972
torch-geometric,https://arxiv.org/abs/2006.16811
torch-geometric,https://arxiv.org/abs/2006.16904
torch-geometric,https://arxiv.org/abs/2007.02133
torch-geometric,https://arxiv.org/abs/2011.14115
torch-geometric,https://arxiv.org/abs/2012.09164
torch-geometric,https://arxiv.org/abs/2101.00797
torch-geometric,https://arxiv.org/abs/2104.01481
torch-geometric,https://arxiv.org/abs/2106.07476
torch-geometric,https://arxiv.org/abs/2110.03753
torch-geometric,https://arxiv.org/abs/2110.08727
torch-geometric,https://arxiv.org/abs/2110.14446
torch-geometric,https://arxiv.org/abs/2201.07858
torch-geometric,https://arxiv.org/abs/2202.12795
torch-geometric,https://arxiv.org/pdf/1802.09691.pdf
transformers,https://arxiv.org/abs/1901.02860
transformers,https://arxiv.org/abs/1901.07291
transformers,https://arxiv.org/abs/1906.08237
transformers,https://arxiv.org/abs/1908.07490
transformers,https://arxiv.org/abs/1910.10683
transformers,https://arxiv.org/abs/1910.13461
transformers,https://arxiv.org/abs/1911.00536
transformers,https://arxiv.org/abs/1911.02116
transformers,https://arxiv.org/abs/1911.03894
transformers,https://arxiv.org/abs/2003.10555
transformers,https://arxiv.org/abs/2003.13678
transformers,https://arxiv.org/abs/2004.02349
transformers,https://arxiv.org/abs/2004.02984
transformers,https://arxiv.org/abs/2004.04906
transformers,https://arxiv.org/abs/2004.05150
transformers,https://arxiv.org/abs/2006.03236
transformers,https://arxiv.org/abs/2006.03654
transformers,https://arxiv.org/abs/2006.11316
transformers,https://arxiv.org/abs/2006.11477
transformers,https://arxiv.org/abs/2006.13979
transformers,https://arxiv.org/abs/2007.14062
transformers,https://arxiv.org/abs/2008.00401
transformers,https://arxiv.org/abs/2008.02496
transformers,https://arxiv.org/abs/2012.00413
transformers,https://arxiv.org/abs/2012.12877
transformers,https://arxiv.org/abs/2012.14740
transformers,https://arxiv.org/abs/2101.00438
transformers,https://arxiv.org/abs/2101.01321
transformers,https://arxiv.org/abs/2101.07597
transformers,https://arxiv.org/abs/2102.03334
transformers,https://arxiv.org/abs/2102.03902
transformers,https://arxiv.org/abs/2103.14030
transformers,https://arxiv.org/abs/2103.15808
transformers,https://arxiv.org/abs/2104.01136
transformers,https://arxiv.org/abs/2104.06678
transformers,https://arxiv.org/abs/2104.08836
transformers,https://arxiv.org/abs/2104.09864
transformers,https://arxiv.org/abs/2106.08254
transformers,https://arxiv.org/abs/2107.06278
transformers,https://arxiv.org/abs/2107.07653
transformers,https://arxiv.org/abs/2107.14795
transformers,https://arxiv.org/abs/2109.06870
transformers,https://arxiv.org/abs/2109.09701
transformers,https://arxiv.org/abs/2109.10282
transformers,https://arxiv.org/abs/2109.11680
transformers,https://arxiv.org/abs/2110.02178
transformers,https://arxiv.org/abs/2111.09296
transformers,https://arxiv.org/abs/2111.09714
transformers,https://arxiv.org/abs/2111.09883
transformers,https://arxiv.org/abs/2111.11418
transformers,https://arxiv.org/abs/2111.15664
transformers,https://arxiv.org/abs/2112.04482
transformers,https://arxiv.org/abs/2112.07916
transformers,https://arxiv.org/abs/2112.10668
transformers,https://arxiv.org/abs/2201.03545
transformers,https://arxiv.org/abs/2201.07436
transformers,https://arxiv.org/abs/2202.03555
transformers,https://arxiv.org/abs/2202.09741
transformers,https://arxiv.org/abs/2202.11094
transformers,https://arxiv.org/abs/2203.02378
transformers,https://arxiv.org/abs/2203.12602
transformers,https://arxiv.org/abs/2206.12131
transformers,https://arxiv.org/abs/2207.04672
transformers,https://arxiv.org/pdf/1908.03557
translationstring,http://repoze.org/license.html
transliterate,https://bitbucket.org/barseghyanartur/transliterate/get/stable.tar.gz
tune-sklearn,https://docs.ray.io/en/master/tune/tutorials/tune-sklearn.html
twython,http://docs.python-requests.org/en/latest/api/
twython,http://mysite.com/callback
txaio,http://pythonhosted.org/six/
ujson,http://esn.me
uncertainties,http://numpy.scipy.org/
uncompyle6,https://bashdb.sf.net/remake
unittest2,http://code.google.com/p/unittest-ext/issues/list
unittest2,http://hg.python.org/unittest2
unittest2,http://voidspace.org.uk/downloads/unittest2-0.5.1-python2.3.zip
unittest2,http://www.voidspace.org.uk/python/articles/unittest2.shtml
uplink,http://docs.python-requests.org/en/master/api/
uri,http://pretty-rfc.herokuapp.com/RFC3986
uri,https://example.com/about/us
uritemplate,https://api.github.com/user
uritemplate,https://api.github.com/users/sigmavirus24/gists/123456
venusian,http://www.repoze.org/LICENSE.txt
vokativ,http://www.mvcr.cz/clanek/cetnost-jmen-a-prijmeni-722752.aspx
voluptuous,http://code.google.com/p/jsonvalidator/
voluptuous,https://api.twitter.com/1.1/users/search.json?q=python
waitress,https://docs.pylonsproject.org/projects/waitress/en/master
warcio,http://docs.python-requests.org/en/master/
watchdog,http://mark.heily.com/pnotify
watchdog,https://developer.apple.com/technologies/tools/xcode.html
watchgod,https://files.pythonhosted.org/packages/22/b5/26672d4f418454410653722a7e1d4c16133b94a0364f8e31548dafa56a9b/watchgod-0.3-py35
watchgod,https://files.pythonhosted.org/packages/37/96/53762aa3faf1fec4691e4f9c7b204d3fceed846ddb6361035f532b8a5750/watchgod-0.4-py35
wavefront-sdk-python,http://proxy.acme.corp:2878
wavefront-sdk-python,https://TOKEN
webapp2,http://webapp-improved.appspot.com
webapp2,http://webapp-improved.appspot.com/
webapp2,http://webapp-improved.appspot.com/features.html
webdataset,http://nix:51080
webdataset,http://server/file
webdataset,http://storage.googleapis.com/nvdata-publaynet/publaynet-train-
webdataset,https://deepsource.io/gh/tmbdev/webdataset/?ref=repository-badge
weberror,https://bitbucket.org/bbangert/weberror
webexteamssdk,https://developer.webex.com/pagination.html
webhelpers,http://bitbucket.org/bbangert/webhelpers
webvtt-py,http://dev.w3.org/html5/webvtt/
wget,http://bitbucket.org/techtonik/python-wget/
wget,https://bitbucket.org/techtonik/python-wget/issues/6
wget,https://bitbucket.org/techtonik/python-wget/issues/7
wget,https://bitbucket.org/techtonik/python-wget/issues/8
whoosh,http://bitbucket.org/mchaput/whoosh
whoosh,http://bitbucket.org/mchaput/whoosh/
wikipedia,https://bitdeli.com/free
wikipedia,https://crate.io/packages/wikipedia
wikipedia,https://d2weczhvl823v0.cloudfront.net/goldsmith/wikipedia/trend.png
wikipedia-api,http://docs.python-requests.org/en/master/api/
wsgi-request-logger,https://blog.philippklaus.de/2013/06/wsgi-request-logger-logging-http-requests-with-any-wsgi-web-application-like-flask-bottle-or-django/
wsme,http://sphinx.pocoo.org/
xhtml2pdf,https://coveralls.io/github/xhtml2pdf/xhtml2pdf
xlocal,http://bitbucket.org/hpk42/xlocal/
xmljson,http://effbot.org/zone/element-index.htm
xmljson,https://developer.mozilla.org/en-US/docs/JXON
xmljson,https://developer.yahoo.com/javascript/json.html
xmlschema,http://example.com/ns/collection
xmlschema,http://example.com/vehicles
xmlschema,http://opensource.org/licenses/MIT.
xmltodict,http://a.com/
xmltodict,http://a.com/:y
xmltodict,http://b.com/
xmltodict,http://b.com/:z
xmltodict,https://apps.fedoraproject.org/packages/python-xmltodict
yagmail,http://somedomain/image.png
yahoo-finance,http://datatables.org/.
yapf,https://cl
yarl,http://:8080/
yarl,https://dev.azure.com/aio-libs/yarl
yarn-api-client,https://127.0.0.2:5678
yfinance,http://docs.python-requests.org/en/master/
yolov5,http://112.50.243.8/PLTV/88888888/224/3221225900/1.m3u8
youtube-search-python,https://HarryStyles.lnk.to/followFI...
zappa,https://7k6anj0k99.execute-api.us-east-1.amazonaws.com/production
zope-component,http://dev.zope.org/Zope3/ImplementViewsAsAdapters
zope-component,http://docs.zope.org/zopetoolkit/
zope-component,http://wiki.zope.org/zope3/LocalComponentManagementSimplification
zope-deferredimport,https://bitbucket.org/pypy/pypy/issue/1946
zope-index,https://bitbucket.org/pypy/pypy/issue/1946
zope-interface,http://docs.zope.org/zope.interface
zope-interface,http://thread.gmane.org/gmane.comp.web.zope.devel/22490
zope-proxy,http://docs.python.org/ref/sequence-methods.html.
zope-schema,http://www.zope.org/Collectors/Zope3-dev/544
