package,repository
acme,https://github.com/letsencrypt/letsencrypt
adafruit-platformdetect,https://github.com/adafruit/Adafruit_Python_PlatformDetect
adafruit-circuitpython-busdevice,https://github.com/adafruit/Adafruit_CircuitPython_BusDevice
accumulation-tree,https://github.com/tkluck/accumulation_tree
absl-py,https://github.com/abseil/abseil-py
adafruit-blinka,https://github.com/adafruit/Adafruit_Blinka
adafruit-circuitpython-requests,https://github.com/adafruit/Adafruit_CircuitPython_Requests
acryl-datahub-airflow-plugin,https://github.com/datahub-project/datahub
adafruit-circuitpython-typing,https://github.com/adafruit/Adafruit_CircuitPython_Typing
acryl-datahub,https://github.com/datahub-project/datahub
adafruit-pureio,https://github.com/adafruit/Adafruit_Python_PureIO
adal,https://github.com/AzureAD/azure-activedirectory-library-for-python
aiohttp-retry,https://github.com/inyutin/aiohttp_retry
aiomultiprocess,https://github.com/omnilib/aioitertools
airflow-prometheus-exporter,https://github.com/robinhood/airflow_prometheus_exporter
aioredis,https://github.com/aio-libs/aioredis-py
ale-py,https://github.com/mgbellemare/Arcade-Learning-Environment
akinator,https://github.com/Infiniticity/akinator.py
akinator-py,https://github.com/Tom-the-Bomb/akinator.py
algoliasearch,https://github.com/algolia/algoliasearch-client-python
aliyun-python-sdk-core,https://github.com/aliyun/aliyun-openapi-python-sdk
aliyun-python-sdk-core-v3,https://github.com/aliyun/aliyun-openapi-python-sdk
allure-python-commons,https://github.com/allure-framework/allure-python
allure-behave,https://github.com/allure-framework/allure-python
allure-pytest,https://github.com/allure-framework/allure-python
android-backup,https://github.com/bluec0re/android-backup-tools
ansible-base,https://github.com/ansible/ansible
ansible-core,https://github.com/ansible/ansible
anyconfig,https://github.com/ssato/python-anyconfig
ansible-tower-cli,https://github.com/ansible/tower-cli
apache-airflow-backport-providers-ssh,https://github.com/apache/airflow
apache-airflow-providers-airbyte,https://github.com/apache/airflow
apache-airflow-providers-apache-druid,https://github.com/apache/airflow
apache-airflow-backport-providers-http,https://github.com/apache/airflow
apache-airflow-providers-apache-hdfs,https://github.com/apache/airflow
apache-airflow-backport-providers-snowflake,https://github.com/apache/airflow
apache-airflow-backport-providers-microsoft-azure,https://github.com/apache/airflow
anytemplate,https://github.com/ssato/python-anytemplate
apache-airflow-backport-providers-cncf-kubernetes,https://github.com/apache/airflow
apache-airflow-backport-providers-amazon,https://github.com/apache/airflow
apache-airflow-providers-amazon,https://github.com/apache/airflow
apache-airflow-providers-apache-spark,https://github.com/apache/airflow
apache-airflow-providers-http,https://github.com/apache/airflow
apache-airflow-providers-celery,https://github.com/apache/airflow
apache-airflow-providers-ftp,https://github.com/apache/airflow
apache-airflow-providers-asana,https://github.com/apache/airflow
apache-airflow-providers-common-sql,https://github.com/apache/airflow
apache-airflow-providers-apache-livy,https://github.com/apache/airflow
apache-airflow-providers-cloudant,https://github.com/apache/airflow
apache-airflow-providers-google,https://github.com/apache/airflow
apache-airflow-providers-databricks,https://github.com/apache/airflow
apache-airflow-providers-datadog,https://github.com/apache/airflow
apache-airflow-providers-docker,https://github.com/apache/airflow
apache-airflow-providers-dbt-cloud,https://github.com/apache/airflow
apache-airflow-providers-cncf-kubernetes,https://github.com/apache/airflow
apache-airflow-providers-apache-hive,https://github.com/apache/airflow
apache-airflow-providers-mysql,https://github.com/apache/airflow
apache-airflow-providers-imap,https://github.com/apache/airflow
apache-airflow-providers-jenkins,https://github.com/apache/airflow
apache-airflow-providers-jdbc,https://github.com/apache/airflow
apache-airflow-providers-microsoft-mssql,https://github.com/apache/airflow
apache-airflow-providers-oracle,https://github.com/apache/airflow
apache-airflow-providers-presto,https://github.com/apache/airflow
apache-airflow-providers-redis,https://github.com/apache/airflow
apache-airflow-providers-jira,https://github.com/apache/airflow
apache-airflow-providers-mongo,https://github.com/apache/airflow
apache-airflow-providers-papermill,https://github.com/apache/airflow
apache-airflow-providers-microsoft-azure,https://github.com/apache/airflow
apache-airflow-providers-odbc,https://github.com/apache/airflow
apache-airflow-providers-pagerduty,https://github.com/apache/airflow
apache-airflow-providers-postgres,https://github.com/apache/airflow
apache-airflow-providers-sqlite,https://github.com/apache/airflow
apache-airflow-providers-telegram,https://github.com/apache/airflow
apache-airflow-providers-tableau,https://github.com/apache/airflow
apache-sedona,https://github.com/apache/incubator-sedona
apache-airflow-providers-salesforce,https://github.com/apache/airflow
apache-airflow-providers-slack,https://github.com/apache/airflow
apache-airflow-providers-ssh,https://github.com/apache/airflow
apache-airflow-providers-sftp,https://github.com/apache/airflow
apache-airflow-providers-sendgrid,https://github.com/apache/airflow
apache-airflow-providers-snowflake,https://github.com/apache/airflow
apache-airflow,https://github.com/apache/airflow
apns2,https://github.com/Pr0Ger/PyAPNs2
applicationinsights,https://github.com/Microsoft/ApplicationInsights-Python
arpeggio,https://github.com/textX/Arpeggio
argparse-addons,https://github.com/eerimoq/argparse_addons
aspy-refactor-imports,https://github.com/asottile/aspy.refactor_imports
aspy-yaml,https://github.com/asottile/aspy.yaml
async-exit-stack,https://github.com/sorcio/async_exit_stack
async-generator,https://github.com/python-trio/async_generator
async-lru,https://github.com/aio-libs/async_lru
asyncio-nats-client,https://github.com/nats-io/nats.py
attrdict,https://github.com/bcj/AttrDict
atlassian-jwt-auth,https://github.com/atlassian/asap-authentication-python
atomicwrites,https://github.com/untitaker/python-atomicwrites
autobahn,https://github.com/crossbario/autobahn-python
authcaptureproxy,https://github.com/alandtse/auth_capture_proxy
autogluon-core,https://github.com/awslabs/autogluon
avro-gen,https://github.com/rbystrit/avro_gen
avro-gen3,https://github.com/acryldata/avro_gen
automat,https://github.com/glyph/Automat
avro-validator,https://github.com/leocalm/avro_validator
autoviz,https://github.com/AutoViML/AutoViz
autosemver,https://github.com/david-caro/python-autosemver
av,https://github.com/conda-forge/av-feedstock
aws-cdk-aws-autoscaling-common,https://github.com/aws/aws-cdk
aws-cdk-aws-cloudfront,https://github.com/aws/aws-cdk
aws-cdk-assets,https://github.com/aws/aws-cdk
aws-cdk-aws-cloudwatch-actions,https://github.com/aws/aws-cdk
aws-cdk-aws-acmpca,https://github.com/aws/aws-cdk
aws-cdk-aws-apigatewayv2-alpha,https://github.com/aws/aws-cdk
aws-cdk-aws-autoscaling-hooktargets,https://github.com/aws/aws-cdk
aws-cdk-aws-batch,https://github.com/aws/aws-cdk
aws-cdk-aws-apigateway,https://github.com/aws/aws-cdk
aws-cdk-aws-certificatemanager,https://github.com/aws/aws-cdk
aws-cdk-aws-autoscaling,https://github.com/aws/aws-cdk
aws-cdk-aws-applicationautoscaling,https://github.com/aws/aws-cdk
aws-cdk-aws-cloudformation,https://github.com/aws/aws-cdk
awkward,https://github.com/scikit-hep/awkward-1.0
aws-cdk-aws-ecs,https://github.com/aws/aws-cdk
aws-cdk-aws-dynamodb,https://github.com/aws/aws-cdk
aws-cdk-aws-ecr,https://github.com/aws/aws-cdk
aws-cdk-aws-codepipeline,https://github.com/aws/aws-cdk
aws-cdk-aws-codeguruprofiler,https://github.com/aws/aws-cdk
aws-cdk-aws-ec2,https://github.com/aws/aws-cdk
aws-cdk-aws-efs,https://github.com/aws/aws-cdk
aws-cdk-aws-ecs-patterns,https://github.com/aws/aws-cdk
aws-cdk-aws-codecommit,https://github.com/aws/aws-cdk
aws-cdk-aws-cloudwatch,https://github.com/aws/aws-cdk
aws-cdk-aws-codedeploy,https://github.com/aws/aws-cdk
aws-cdk-aws-codestarnotifications,https://github.com/aws/aws-cdk
aws-cdk-aws-codebuild,https://github.com/aws/aws-cdk
aws-cdk-aws-cognito,https://github.com/aws/aws-cdk
aws-cdk-aws-ecr-assets,https://github.com/aws/aws-cdk
aws-cdk-aws-glue-alpha,https://github.com/aws/aws-cdk
aws-cdk-aws-lambda-python-alpha,https://github.com/aws/aws-cdk
aws-cdk-aws-globalaccelerator,https://github.com/aws/aws-cdk
aws-cdk-aws-lambda-event-sources,https://github.com/aws/aws-cdk
aws-cdk-aws-events-targets,https://github.com/aws/aws-cdk
aws-cdk-aws-events,https://github.com/aws/aws-cdk
aws-cdk-aws-glue,https://github.com/aws/aws-cdk
aws-cdk-aws-elasticloadbalancingv2,https://github.com/aws/aws-cdk
aws-cdk-aws-iam,https://github.com/aws/aws-cdk
aws-cdk-aws-lambda,https://github.com/aws/aws-cdk
aws-cdk-aws-elasticloadbalancing,https://github.com/aws/aws-cdk
aws-cdk-aws-kms,https://github.com/aws/aws-cdk
aws-cdk-aws-kinesisfirehose,https://github.com/aws/aws-cdk
aws-cdk-aws-kinesis,https://github.com/aws/aws-cdk
aws-cdk-aws-eks,https://github.com/aws/aws-cdk
aws-cdk-aws-logs,https://github.com/aws/aws-cdk
aws-cdk-aws-sam,https://github.com/aws/aws-cdk
aws-cdk-aws-secretsmanager,https://github.com/aws/aws-cdk
aws-cdk-aws-sqs,https://github.com/aws/aws-cdk
aws-cdk-aws-s3-notifications,https://github.com/aws/aws-cdk
aws-cdk-aws-signer,https://github.com/aws/aws-cdk
aws-cdk-aws-s3-assets,https://github.com/aws/aws-cdk
aws-cdk-aws-sns,https://github.com/aws/aws-cdk
aws-cdk-aws-route53-targets,https://github.com/aws/aws-cdk
aws-cdk-aws-rds,https://github.com/aws/aws-cdk
aws-cdk-aws-logs-destinations,https://github.com/aws/aws-cdk
aws-cdk-aws-servicediscovery,https://github.com/aws/aws-cdk
aws-cdk-aws-sns-subscriptions,https://github.com/aws/aws-cdk
aws-cdk-aws-route53,https://github.com/aws/aws-cdk
aws-cdk-aws-s3,https://github.com/aws/aws-cdk
aws-cdk-custom-resources,https://github.com/aws/aws-cdk
aws-lambda-powertools,https://github.com/awslabs/aws-lambda-powertools-python
aws-cdk-aws-stepfunctions,https://github.com/aws/aws-cdk
aws-cdk-lambda-layer-awscli,https://github.com/aws/aws-cdk
aws-cdk-aws-ssm,https://github.com/aws/aws-cdk
aws-cdk-core,https://github.com/aws/aws-cdk
aws-cdk-lib,https://github.com/aws/aws-cdk
aws-embedded-metrics,https://github.com/awslabs/aws-embedded-metrics-python
aws-cdk-cloud-assembly-schema,https://github.com/aws/aws-cdk
aws-cdk-cx-api,https://github.com/aws/aws-cdk
aws-cdk-aws-stepfunctions-tasks,https://github.com/aws/aws-cdk
aws-cdk-region-info,https://github.com/aws/aws-cdk
aws-encryption-sdk,https://github.com/aws/aws-encryption-sdk-python
aws-sam-translator,https://github.com/awslabs/serverless-application-model
aws-secretsmanager-caching,https://github.com/aws/aws-secretsmanager-caching-python
awsiotpythonsdk,https://github.com/aws/aws-iot-device-sdk-python.git
aws-xray-sdk,https://github.com/aws/aws-xray-sdk-python
awscli,https://github.com/aws/aws-cli
awscrt,https://github.com/awslabs/aws-crt-python
azure-ai-textanalytics,https://github.com/Azure/azure-sdk-for-python
azure-ai-metricsadvisor,https://github.com/Azure/azure-sdk-for-python
azure-common,https://github.com/Azure/azure-sdk-for-python
azure-batch,https://github.com/Azure/azure-sdk-for-python
azure-cli-nspkg,https://github.com/Azure/azure-cli
azure-cli-telemetry,https://github.com/Azure/azure-cli
azure-applicationinsights,https://github.com/Azure/azure-sdk-for-python
awswrangler,https://github.com/aws/aws-sdk-pandas
ax-platform,https://github.com/facebook/Ax
azure-cli-core,https://github.com/Azure/azure-cli
awslambdaric,https://github.com/aws/aws-lambda-python-runtime-interface-client
azure-cosmosdb-table,https://github.com/Azure/azure-cosmosdb-python
azure-devops,https://github.com/Microsoft/vsts-python-api
azure-eventgrid,https://github.com/Azure/azure-sdk-for-python
azure-cosmos,https://github.com/Azure/azure-sdk-for-python
azure-eventhubs-client,https://github.com/KnockriInc/azure_eventhubs_client
azure-cosmosdb-nspkg,https://github.com/Azure/azure-cosmosdb-python
azure-datalake-store,https://github.com/Azure/azure-data-lake-store-python
azure-loganalytics,https://github.com/Azure/azure-sdk-for-python
azure-mgmt-apimanagement,https://github.com/Azure/azure-sdk-for-python
azure-graphrbac,https://github.com/Azure/azure-sdk-for-python
azure-mgmt-advisor,https://github.com/Azure/azure-sdk-for-python
azure-mgmt-appconfiguration,https://github.com/Azure/azure-sdk-for-python
azure-kusto-ingest,https://github.com/Azure/azure-kusto-python
azure-kusto-data,https://github.com/Azure/azure-kusto-python
azure-mgmt-batch,https://github.com/Azure/azure-sdk-for-python
azure-mgmt-consumption,https://github.com/Azure/azure-sdk-for-python
azure-mgmt-cdn,https://github.com/Azure/azure-sdk-for-python
azure-mgmt-batchai,https://github.com/Azure/azure-sdk-for-python
azure-mgmt-billing,https://github.com/Azure/azure-sdk-for-python
azure-mgmt-botservice,https://github.com/Azure/azure-sdk-for-python
azure-mgmt-commerce,https://github.com/Azure/azure-sdk-for-python
azure-mgmt-authorization,https://github.com/Azure/azure-sdk-for-python
azure-mgmt-containerservice,https://github.com/Azure/azure-sdk-for-python
azure-mgmt-automation,https://github.com/Azure/azure-sdk-for-python
azure-mgmt-cognitiveservices,https://github.com/Azure/azure-sdk-for-python
azure-mgmt-applicationinsights,https://github.com/Azure/azure-sdk-for-python
azure-mgmt-compute,https://github.com/Azure/azure-sdk-for-python
azure-mgmt-containerinstance,https://github.com/Azure/azure-sdk-for-python
azure-mgmt-containerregistry,https://github.com/Azure/azure-sdk-for-python
azure-mgmt-datalake-store,https://github.com/Azure/azure-sdk-for-python
azure-mgmt-cosmosdb,https://github.com/Azure/azure-sdk-for-python
azure-mgmt-extendedlocation,https://github.com/Azure/azure-sdk-for-python
azure-mgmt-databoxedge,https://github.com/Azure/azure-sdk-for-python
azure-mgmt-datafactory,https://github.com/Azure/azure-sdk-for-python
azure-mgmt-devtestlabs,https://github.com/Azure/azure-sdk-for-python
azure-mgmt-datalake-nspkg,https://github.com/Azure/azure-sdk-for-python
azure-mgmt-deploymentmanager,https://github.com/Azure/azure-sdk-for-python
azure-mgmt-datalake-analytics,https://github.com/Azure/azure-sdk-for-python
azure-mgmt-devspaces,https://github.com/Azure/azure-sdk-for-python
azure-mgmt-dns,https://github.com/Azure/azure-sdk-for-python
azure-mgmt-datamigration,https://github.com/Azure/azure-sdk-for-python
azure-mgmt-eventhub,https://github.com/Azure/azure-sdk-for-python
azure-mgmt-eventgrid,https://github.com/Azure/azure-sdk-for-python
azure-mgmt-hdinsight,https://github.com/Azure/azure-sdk-for-python
azure-mgmt-kusto,https://github.com/Azure/azure-sdk-for-python
azure-mgmt-keyvault,https://github.com/Azure/azure-sdk-for-python
azure-mgmt-iothubprovisioningservices,https://github.com/Azure/azure-sdk-for-python
azure-mgmt-imagebuilder,https://github.com/Azure/azure-sdk-for-python
azure-mgmt-iotcentral,https://github.com/Azure/azure-sdk-for-python
azure-mgmt-iothub,https://github.com/Azure/azure-sdk-for-python
azure-mgmt-logic,https://github.com/Azure/azure-sdk-for-python
azure-mgmt-hanaonazure,https://github.com/Azure/azure-sdk-for-python
azure-mgmt-managementgroups,https://github.com/Azure/azure-sdk-for-python
azure-mgmt-maps,https://github.com/Azure/azure-sdk-for-python
azure-mgmt-managementpartner,https://github.com/Azure/azure-sdk-for-python
azure-mgmt-loganalytics,https://github.com/Azure/azure-sdk-for-python
azure-mgmt-managedservices,https://github.com/Azure/azure-sdk-for-python
azure-mgmt-machinelearningcompute,https://github.com/Azure/azure-sdk-for-python
azure-mgmt-media,https://github.com/Azure/azure-sdk-for-python
azure-mgmt-redhatopenshift,https://github.com/Azure/azure-sdk-for-python
azure-mgmt-notificationhubs,https://github.com/Azure/azure-sdk-for-python
azure-mgmt-policyinsights,https://github.com/Azure/azure-sdk-for-python
azure-mgmt-recoveryservicesbackup,https://github.com/Azure/azure-sdk-for-python
azure-mgmt-msi,https://github.com/Azure/azure-sdk-for-python
azure-mgmt-network,https://github.com/Azure/azure-sdk-for-python
azure-mgmt-rdbms,https://github.com/Azure/azure-sdk-for-python
azure-mgmt-netapp,https://github.com/Azure/azure-sdk-for-python
azure-mgmt-powerbiembedded,https://github.com/Azure/azure-sdk-for-python
azure-mgmt-monitor,https://github.com/Azure/azure-sdk-for-python
azure-mgmt-privatedns,https://github.com/Azure/azure-sdk-for-python
azure-mgmt-nspkg,https://github.com/Azure/azure-sdk-for-python
azure-mgmt-recoveryservices,https://github.com/Azure/azure-sdk-for-python
azure-mgmt-marketplaceordering,https://github.com/Azure/azure-sdk-for-python
azure-mgmt-servicebus,https://github.com/Azure/azure-sdk-for-python
azure-mgmt-resource,https://github.com/Azure/azure-sdk-for-python
azure-mgmt-search,https://github.com/Azure/azure-sdk-for-python
azure-mgmt-security,https://github.com/Azure/azure-sdk-for-python
azure-mgmt-relay,https://github.com/Azure/azure-sdk-for-python
azure-mgmt-storage,https://github.com/Azure/azure-sdk-for-python
azure-mgmt-sql,https://github.com/Azure/azure-sdk-for-python
azure-mgmt-servicefabric,https://github.com/Azure/azure-sdk-for-python
azure-mgmt-reservations,https://github.com/Azure/azure-sdk-for-python
azure-mgmt-scheduler,https://github.com/Azure/azure-sdk-for-python
azure-mgmt-redis,https://github.com/Azure/azure-sdk-for-python
azure-mgmt-servicelinker,https://github.com/Azure/azure-sdk-for-python
azure-mgmt-sqlvirtualmachine,https://github.com/Azure/azure-sdk-for-python
azure-mgmt-servicefabricmanagedclusters,https://github.com/Azure/azure-sdk-for-python
azure-mgmt-signalr,https://github.com/Azure/azure-sdk-for-python
azure-mgmt-web,https://github.com/Azure/azure-sdk-for-python
azure-servicefabric,https://github.com/Azure/azure-sdk-for-python
azure-schemaregistry-avroserializer,https://github.com/Azure/azure-sdk-for-python
azure-multiapi-storage,https://github.com/Azure/azure-multiapi-storage-python
azure-mgmt-trafficmanager,https://github.com/Azure/azure-sdk-for-python
azure-monitor-query,https://github.com/Azure/azure-sdk-for-python
azure-mgmt-synapse,https://github.com/Azure/azure-sdk-for-python
azure-nspkg,https://github.com/Azure/azure-sdk-for-python
azure-servicebus,https://github.com/Azure/azure-sdk-for-python
azure-mgmt-subscription,https://github.com/Azure/azure-sdk-for-python
azure-mgmt,https://github.com/Azure/azure-sdk-for-python
azure-servicemanagement-legacy,https://github.com/Azure/azure-sdk-for-python
azure-schemaregistry,https://github.com/Azure/azure-sdk-for-python
azure,https://github.com/Azure/azure-sdk-for-python
azure-synapse-accesscontrol,https://github.com/Azure/azure-sdk-for-python
azure-synapse-managedprivateendpoints,https://github.com/Azure/azure-sdk-for-python
azure-synapse-artifacts,https://github.com/Azure/azure-sdk-for-python
azure-storage-file-datalake,https://github.com/Azure/azure-sdk-for-python
azure-storage-nspkg,https://github.com/Azure/azure-storage-python
azure-storage-file,https://github.com/Azure/azure-storage-python
azure-synapse-spark,https://github.com/Azure/azure-sdk-for-python
azure-storage,https://github.com/Azure/azure-sdk-for-python
azure-storage-common,https://github.com/Azure/azure-storage-python
azureml,https://github.com/Azure/Azure-MachineLearning-ClientLibrary-Python
backports-abc,https://github.com/cython/backports_abc
backports-csv,https://github.com/ryanhiebert/backports.csv
backports-cached-property,https://github.com/penguinolog/backports.cached_property
backports-entry-points-selectable,https://github.com/jaraco/backports.entry_points_selectable
backports-datetime-fromisoformat,https://github.com/movermeyer/backports.datetime_fromisoformat
bashlex,https://github.com/idank/bashlex.git
basicauth,https://github.com/rdegges/python-basicauth
backports-functools-lru-cache,https://github.com/jaraco/backports.functools_lru_cache
backports-shutil-get-terminal-size,https://github.com/chrippa/backports.shutil_get_terminal_size
backports-zoneinfo,https://github.com/pganssle/zoneinfo
basicsr,https://github.com/xinntao/BasicSR
base64io,https://github.com/aws/base64io-python
backports-weakref,https://github.com/pjdelport/backports.weakref
backports-tempfile,https://github.com/pjdelport/backports.tempfile
basictracer,https://github.com/opentracing/basictracer-python
bayesian-optimization,https://github.com/fmfn/BayesianOptimization
benepar,https://github.com/nikitakit/self-attentive-parser
bencode-py,https://github.com/fuzeman/bencode.py
bc-detect-secrets,https://github.com/bridgecrewio/detect-secrets
bc-python-hcl2,https://github.com/bridgecrewio/python-hcl2
bingads,https://github.com/BingAds/BingAds-Python-SDK
blake3,https://github.com/oconnor663/blake3-py
blackduck,https://github.com/blackducksoftware/hub-rest-api-python
blis,https://github.com/explosion/cython-blis
boa-str,https://github.com/astronomerio/boa
blspy,https://github.com/Chia-Network/bls-signatures
boruta,https://github.com/danielhomola/boruta_py
boto3-type-annotations,https://github.com/alliefitter/boto3_type_annotations
boolean-py,https://github.com/bastikr/boolean.py
botbuilder-schema,https://github.com/Microsoft/botbuilder-python
boto3-stubs,https://github.com/youtype/mypy_boto3_builder
boxsdk,https://github.com/box/box-python-sdk
browserstack-local,https://github.com/browserstack/browserstack-local-python
btrees,https://github.com/zopefoundation/BTrees
business-duration,https://github.com/gnaneshwar441/Business_Duration
cached-path,https://github.com/allenai/cached_path
carto,https://github.com/CartoDB/carto-python
category-encoders,https://github.com/scikit-learn-contrib/category_encoders
cchardet,https://github.com/PyYoshi/cChardet
cdk-nag,https://github.com/cdklabs/cdk-nag.git
certbot-apache,https://github.com/letsencrypt/letsencrypt
certbot,https://github.com/letsencrypt/letsencrypt
certbot-nginx,https://github.com/letsencrypt/letsencrypt
celery-redbeat,https://github.com/sibson/redbeat
censys,https://github.com/censys/censys-python
certifi,https://github.com/certifi/python-certifi
cfscrape,https://github.com/Anorov/cloudflare-scrape
cfn-lint,https://github.com/aws-cloudformation/cfn-python-lint
cfn-flip,https://github.com/awslabs/aws-cfn-template-flip
chart-studio,https://github.com/plotly/plotly.py
charset-normalizer,https://github.com/ousret/charset_normalizer
chromedriver-binary,https://github.com/danielkaiser/python-chromedriver-binary
chromedriver-autoinstaller,https://github.com/yeongbin-jo/python-chromedriver-autoinstaller
circleci,https://github.com/levlaz/circleci.py
clamd,https://github.com/graingert/python-clamd
clang-format,https://github.com/ssciwr/clang-format-wheel
cityhash,https://github.com/escherba/python-cityhash
cibuildwheel,https://github.com/pypa/cibuildwheel#changelog
cli-helpers,https://github.com/dbcli/cli_helpers
cli-exit-tools,https://github.com/bitranox/cli_exit_tools
cloudant,https://github.com/cloudant/python-cloudant
clickhouse-cityhash,https://github.com/xzkostyan/python-cityhash
cloudflare,https://github.com/cloudflare/python-cloudflare
clvm-tools-rs,https://github.com/Chia-Network/clvm_tools_rs
cloudinary,https://github.com/cloudinary/pycloudinary
cmreshandler,https://github.com/cmanaha/python-elasticsearch-logger
cma,https://github.com/CMA-ES/pycma
cmake-format,https://github.com/cheshirekow/cmakelang
clvm-tools,https://github.com/Chia-Network/clvm_tools
codecov,https://github.com/codecov/codecov-python
cmake,https://github.com/scikit-build/cmake-python-distributions
cognitive-complexity,https://github.com/Melevir/cognitive_complexity
codeguru-profiler-agent,https://github.com/aws/amazon-codeguru-profiler-python-agent
compressed-rtf,https://github.com/delimitry/compressed_rtf
commonmark,https://github.com/rtfd/commonmark.py
colorlog,https://github.com/borntyping/python-colorlog
commonregex,https://github.com/madisonmay/CommonRegex
colorhash,https://github.com/dimostenis/color-hash-python
confusable-homoglyphs,https://github.com/vhf/confusable_homoglyphs
configargparse,https://github.com/bw2/ConfigArgParse
confluent-kafka,https://github.com/confluentinc/confluent-kafka-python
configspace,https://github.com/automl/ConfigSpace
contentful,https://github.com/contentful/contentful.py
contours,https://github.com/ccarocean/python-contours
connection-pool,https://github.com/zhouyl/ConnectionPool
cons,https://github.com/pythological/python-cons
coreapi,https://github.com/core-api/python-client
coreschema,https://github.com/core-api/python-coreschema
country-converter,https://github.com/konstantinstadler/country_converter
couchbase,https://github.com/couchbase/couchbase-python-client
coverage,https://github.com/nedbat/coveragepy
cpuset-py3,https://github.com/parttimenerd/cpuset
cowsay,https://github.com/VaasuDevanS/cowsay-python
crontab,https://github.com/josiahcarlson/parse-crontab
crhelper,https://github.com/aws-cloudformation/custom-resource-helper
crowdstrike-falconpy,https://github.com/CrowdStrike/falconpy
cxxfilt,https://github.com/afq984/python-cxxfilt
cx-oracle,https://github.com/oracle/python-cx_Oracle
customerio,https://github.com/customerio/customerio-python
dagit,https://github.com/dagster-io/dagster
dartsclone,https://github.com/rixwew/darts-clone-python
dagster-pandas,https://github.com/dagster-io/dagster
databand,https://github.com/databand-ai/dbnd
datadog-api-client,https://github.com/DataDog/datadog-api-client-python
databricks-sql-connector,https://github.com/databricks/databricks-sql-python
datadog-lambda,https://github.com/DataDog/datadog-lambda-python
datadog,https://github.com/DataDog/datadogpy
datalab,https://github.com/googledatalab/pydatalab
datapackage,https://github.com/frictionlessdata/datapackage-py
dataproperty,https://github.com/thombashi/DataProperty
dbnd-spark,https://github.com/databand-ai/dbnd
datetimerange,https://github.com/thombashi/DateTimeRange
db-dtypes,https://github.com/googleapis/python-db-dtypes-pandas
datetime,https://github.com/zopefoundation/DateTime
dateutils,https://github.com/jmcantrell/python-dateutils
datetime-truncate,https://github.com/mediapop/datetime_truncate
dbt-postgres,https://github.com/dbt-labs/dbt-core
dbutils-typehint,https://github.com/cdeler/dbutils_typehint
dbutils,https://github.com/WebwareForPython/DBUtils
dbt,https://github.com/dbt-labs/dbt-core
deepspeed,https://github.com/microsoft/DeepSpeed
deep-translator,https://github.com/nidhaloff/deep_translator
decopatch,https://github.com/smarie/python-decopatch
deep-merge,https://github.com/halfak/deep_merge
dedupe-hcluster,https://github.com/datamade/hcluster
dedupe,https://github.com/dedupeio/dedupe-examples
ddtrace,https://github.com/DataDog/dd-trace-py
delayed-assert,https://github.com/pr4bh4sh/python-delayed-assert
delta-spark,https://github.com/delta-io/delta
deltalake,https://github.com/delta-io/delta-rs
devpi-common,https://github.com/devpi/devpi
devtools,https://github.com/samuelcolvin/python-devtools
devpi-client,https://github.com/devpi/devpi
discord-webhook,https://github.com/lovvskillz/python-discord-webhook
discord,https://github.com/Rapptz/discord.py
diskcache,https://github.com/grantjenks/python-diskcache
discord-py,https://github.com/Rapptz/discord.py
django-coverage-plugin,https://github.com/nedbat/django_coverage_plugin
django-colorfield,https://github.com/fabiocaccamo/django-colorfield#readme
django-stubs-ext,https://github.com/typeddjango/django-stubs
django-user-agents,https://github.com/selwin/django-user_agents
djangorestframework-jwt,https://github.com/GetBlimp/django-rest-framework-jwt
djangorestframework-csv,https://github.com/mjumbewu/django-rest-framework-csv
djangorestframework,https://github.com/encode/django-rest-framework
djangorestframework-xml,https://github.com/jpadilla/django-rest-framework-xml
djangorestframework-gis,https://github.com/openwisp/django-rest-framework-gis
dnspython,https://github.com/rthalley/dnspython.git
docker,https://github.com/docker/docker-py
docker-compose,https://github.com/docker/compose
docker-pycreds,https://github.com/shin-/dockerpy-creds
dm-tree,https://github.com/deepmind/tree
docstring-parser,https://github.com/rr-/docstring_parser
domaintools-api,https://github.com/domaintools/python_api
dogpile-cache,https://github.com/sqlalchemy/dogpile.cache
docx2txt,https://github.com/ankushshah89/python-docx2txt
docxtpl,https://github.com/elapouya/python-docx-template
dohq-artifactory,https://github.com/devopshq/artifactory
dotted-dict,https://github.com/josh-paul/dotted_dict
domdf-python-tools,https://github.com/domdfcoding/domdf_python_tools
dotnetcore2,https://github.com/dotnet/core
dopamine-rl,https://github.com/google/dopamine
draftjs-exporter,https://github.com/springload/draftjs_exporter
drf-jwt,https://github.com/Styria-Digital/django-rest-framework-jwt
dropbox,https://github.com/dropbox/dropbox-sdk-python
easyocr,https://github.com/jaidedai/easyocr.git
ecs-logging,https://github.com/elastic/ecs-logging-python
edgegrid-python,https://github.com/akamai/AkamaiOPEN-edgegrid-python
ebaysdk,https://github.com/timotheus/ebaysdk-python
econml,https://github.com/Microsoft/EconML
easypost,https://github.com/EasyPost/easypost-python
edn-format,https://github.com/swaroopch/edn_format
elastic-transport,https://github.com/elastic/elastic-transport-python
efficientnet-pytorch,https://github.com/lukemelas/EfficientNet-PyTorch
email-validator,https://github.com/JoshData/python-email-validator
emails,https://github.com/lavr/python-emails
elasticsearch,https://github.com/elastic/elasticsearch-py
elasticsearch2,https://github.com/elastic/elasticsearch-py
elasticsearch6,https://github.com/elastic/elasticsearch-py
elasticsearch7,https://github.com/elastic/elasticsearch-py
elasticsearch-dsl,https://github.com/elasticsearch/elasticsearch-dsl-py
english-words,https://github.com/mwiens91/english-words-py
etcd3,https://github.com/kragniz/python-etcd3
erlang-py,https://github.com/okeuday/erlang_py
esprima,https://github.com/Kronuz/esprima-python
epsagon,https://github.com/epsagon/epsagon-python
evergreen-py,https://github.com/evergreen-ci/evergreen.py
evdev,https://github.com/gvalkov/python-evdev
exifread,https://github.com/ianare/exif-py
exponent-server-sdk,https://github.com/expo/exponent-server-sdk-python
expecttest,https://github.com/ezyang/ghstack
exchange-calendars,https://github.com/gerrymanoim/exchange_calendars
extract-msg,https://github.com/TeamMsgExtractor/msg-extractor
facebook-business,https://github.com/facebook/facebook-python-business-sdk
fake-factory,https://github.com/joke2k/faker
factory-boy,https://github.com/FactoryBoy/factory_boy
factor-analyzer,https://github.com/EducationalTestingService/factor_analyzer
faiss-gpu,https://github.com/kyamagu/faiss-wheels
fakeredis,https://github.com/cunla/fakeredis-py
faiss-cpu,https://github.com/kyamagu/faiss-wheels
fastjsonschema,https://github.com/horejsek/python-fastjsonschema
fasttext-langdetect,https://github.com/zafercavdar/fasttext-langdetect.git
fasttext,https://github.com/facebookresearch/fastText
fasttext-wheel,https://github.com/facebookresearch/fastText
fernet,https://github.com/oz123/python-fernet
fire,https://github.com/google/python-fire
firebase-admin,https://github.com/firebase/firebase-admin-python
filetype,https://github.com/h2non/filetype.py
filelock,https://github.com/tox-dev/py-filelock
fireblocks-sdk,https://github.com/fireblocks/fireblocks-sdk-py
flake8-bugbear,https://github.com/PyCQA/flake8-bugbear#change-log
flake8-tuple,https://github.com/ar4s/flake8_tuple
flask-simplelogin,https://github.com/flask-extensions/Flask-SimpleLogin
flatten-json,https://github.com/amirziai/flatten
flit-core,https://github.com/pypa/flit
flexpolyline,https://github.com/heremaps/flexible-polyline.git
flaskoidc,https://github.com/verdan/flaskoidc.git
fluent-logger,https://github.com/fluent/fluent-logger-python
fnvhash,https://github.com/znerol/py-fnvhash
font-roboto,https://github.com/pimoroni/fonts-python
fonts,https://github.com/pimoroni/fonts-python
frozendict,https://github.com/Marco-Sulla/python-frozendict
frictionless,https://github.com/frictionlessdata/frictionless-py
fs-s3fs,https://github.com/PyFilesystem/s3fs
fs,https://github.com/PyFilesystem/pyfilesystem2
functions-framework,https://github.com/googlecloudplatform/functions-framework-python
func-timeout,https://github.com/kata198/func_timeout
functools32,https://github.com/MiCHiLU/python-functools32
futures,https://github.com/agronholm/pythonfutures
gcloud,https://github.com/GoogleCloudPlatform/gcloud-python
gcloud-aio-storage,https://github.com/talkiq/gcloud-aio
gcloud-aio-auth,https://github.com/talkiq/gcloud-aio
gcld3,https://github.com/google/cld3
gekko,https://github.com/BYU-PRISM/GEKKO
geckodriver-autoinstaller,https://github.com/yeongbin-jo/python-geckodriver-autoinstaller
geospark,https://github.com/DataSystemsLab/GeoSpark
geoip2,https://github.com/maxmind/GeoIP2-python
gfpgan,https://github.com/TencentARC/GFPGAN
gitlint-core,https://github.com/jorisroovers/gitlint
gitpython,https://github.com/gitpython-developers/GitPython
gitdb2,https://github.com/gitpython-developers/gitdb
gitignore-parser,https://github.com/mherrmann/gitignore_parser
glfw,https://github.com/FlorianRhiem/pyGLFW
glean-parser,https://github.com/mozilla/glean_parser
github3-py,https://github.com/sigmavirus24/github3.py
glitch-this,https://github.com/TotallyNotChase/Glitch-and-Gif
google-ads,https://github.com/googleads/google-ads-python
gnupg,https://github.com/isislovecruft/python-gnupg
google-api-core,https://github.com/googleapis/python-api-core
google-analytics-data,https://github.com/googleapis/python-analytics-data
gluonnlp,https://github.com/dmlc/gluon-nlp
gluoncv,https://github.com/dmlc/gluon-cv
google-cloud-audit-log,https://github.com/googleapis/python-audit-log
google-cloud-automl,https://github.com/googleapis/python-automl
google-auth-httplib2,https://github.com/GoogleCloudPlatform/google-auth-library-python-httplib2
google-cloud-aiplatform,https://github.com/googleapis/python-aiplatform
google-cloud-bigquery-storage,https://github.com/googleapis/python-bigquery-storage
google-cloud-bigquery,https://github.com/googleapis/python-bigquery
google-cloud-bigtable,https://github.com/googleapis/python-bigtable
google-cloud-appengine-logging,https://github.com/googleapis/python-appengine-logging
google-auth-oauthlib,https://github.com/GoogleCloudPlatform/google-auth-library-python-oauthlib
google-cloud-billing,https://github.com/googleapis/python-billing
google-auth,https://github.com/googleapis/google-auth-library-python
google-cloud-bigquery-datatransfer,https://github.com/googleapis/python-bigquery-datatransfer
google-cloud-dataflow-client,https://github.com/googleapis/python-dataflow-client
google-cloud-datacatalog,https://github.com/googleapis/python-datacatalog
google-cloud-dataform,https://github.com/googleapis/python-dataform
google-cloud-compute,https://github.com/googleapis/python-compute
google-cloud-container,https://github.com/googleapis/python-container
google-cloud-dataplex,https://github.com/googleapis/python-dataplex
google-cloud-dataproc-metastore,https://github.com/googleapis/python-dataproc-metastore
google-cloud-build,https://github.com/googleapis/python-cloudbuild
google-cloud-firestore,https://github.com/googleapis/python-firestore
google-cloud-dataproc,https://github.com/googleapis/python-dataproc
google-cloud-error-reporting,https://github.com/googleapis/python-error-reporting
google-cloud-core,https://github.com/googleapis/python-cloud-core
google-cloud-dns,https://github.com/googleapis/python-dns
google-cloud-datastore,https://github.com/googleapis/python-datastore
google-cloud-dlp,https://github.com/googleapis/python-dlp
google-cloud-ndb,https://github.com/googleapis/python-ndb
google-cloud-recommendations-ai,https://github.com/googleapis/python-recommendations-ai
google-cloud-logging,https://github.com/googleapis/python-logging
google-cloud-language,https://github.com/googleapis/python-language
google-cloud-orchestration-airflow,https://github.com/googleapis/python-orchestration-airflow
google-cloud-kms,https://github.com/googleapis/python-kms
google-cloud-recaptcha-enterprise,https://github.com/googleapis/python-recaptcha-enterprise
google-cloud-iam,https://github.com/googleapis/python-iam
google-cloud-memcache,https://github.com/googleapis/python-memcache
google-cloud-pubsublite,https://github.com/googleapis/python-pubsublite
google-cloud-pubsub,https://github.com/googleapis/python-pubsub
google-cloud-os-login,https://github.com/googleapis/python-oslogin
google-cloud-profiler,https://github.com/GoogleCloudPlatform/cloud-profiler-python
google-cloud-resource-manager,https://github.com/googleapis/python-resource-manager
google-cloud-redis,https://github.com/googleapis/python-redis
google-cloud-retail,https://github.com/googleapis/python-retail
google-cloud-spanner,https://github.com/googleapis/python-spanner
google-cloud-tasks,https://github.com/googleapis/python-tasks
google-cloud-videointelligence,https://github.com/googleapis/python-videointelligence
google-cloud-vision,https://github.com/googleapis/python-vision
google-cloud-translate,https://github.com/googleapis/python-translate
google-cloud-speech,https://github.com/googleapis/python-speech
google-cloud-runtimeconfig,https://github.com/googleapis/python-runtimeconfig
google-cloud-scheduler,https://github.com/googleapis/python-scheduler
google-cloud-storage,https://github.com/googleapis/python-storage
google-cloud-trace,https://github.com/googleapis/python-trace
google-cloud-secret-manager,https://github.com/googleapis/python-secret-manager
google-cloud-texttospeech,https://github.com/googleapis/python-texttospeech
google-cloud,https://github.com/GoogleCloudPlatform/google-cloud-python
google-trans-new,https://github.com/lushan88a/google_trans_new
googleads,https://github.com/googleads/googleads-python-lib
google-cloud-workflows,https://github.com/googleapis/python-workflows
google-resumable-media,https://github.com/googleapis/google-resumable-media-python
google-reauth,https://github.com/Google/google-reauth-python
google-crc32c,https://github.com/googleapis/python-crc32c
google-compute-engine,https://github.com/GoogleCloudPlatform/compute-image-packages
google-gax,https://github.com/googleapis/gax-python
google-pasta,https://github.com/google/pasta
googleapis-common-protos,https://github.com/googleapis/python-api-common-protos
googlemaps,https://github.com/googlemaps/google-maps-services-python
googletrans,https://github.com/ssut/py-googletrans
googledrivedownloader,https://github.com/ndrplz/google-drive-downloader
graphqlclient,https://github.com/prismagraphql/python-graphql-client
great-expectations,https://github.com/great-expectations/great_expectations
graphql-relay,https://github.com/graphql-python/graphql-relay-py
grpc-gateway-protoc-gen-openapiv2,https://github.com/hack-edu/py_protoc_gen_openapiv2
grpc-google-iam-v1,https://github.com/googleapis/python-grpc-google-iam-v1
gtts,https://github.com/pndurette/gTTS
gssapi,https://github.com/pythongssapi/python-gssapi
h2o,https://github.com/h2oai/h2o-3.git
h2o-pysparkling-3-1,https://github.com/h2oai/sparkling-water
gviz-api,https://github.com/google/google-visualization-python
h2o-pysparkling-2-4,https://github.com/h2oai/sparkling-water
h3,https://github.com/uber/h3-py
hkdf,https://github.com/casebeer/python-hkdf
hl7,https://github.com/johnpaulett/python-hl7
heroku3,https://github.com/martyzz1/heroku3.py
hidapi,https://github.com/trezor/cython-hidapi
hk80,https://github.com/MacroYau/PyHK80
hiredis,https://github.com/redis/hiredis-py
holidays,https://github.com/dr-prodigy/python-holidays
honeycomb-beeline,https://github.com/honeycombio/beeline-python
hnswlib,https://github.com/yurymalkov/hnsw
htmldocx,https://github.com/pqzx/html2docx
html-testrunner,https://github.com/oldani/HtmlTestRunner
http-ece,https://github.com/martinthomson/encrypted-content-encoding
html5lib,https://github.com/html5lib/html5lib-python
hubspot-api-client,https://github.com/HubSpot/hubspot-api-python
humiolib,https://github.com/humio/python-humio
huggingface-hub,https://github.com/huggingface/huggingface_hub
ibm-cos-sdk,https://github.com/ibm/ibm-cos-sdk-python
ibm-cos-sdk-core,https://github.com/ibm/ibm-cos-sdk-python-core
ibm-cloud-sdk-core,https://github.com/IBM/python-sdk-core
ibm-cos-sdk-s3transfer,https://github.com/IBM/ibm-cos-sdk-python-s3transfer
hydra-core,https://github.com/facebookresearch/hydra
ibis-framework,https://github.com/ibis-project/ibis
igraph,https://github.com/igraph/python-igraph
imagesize,https://github.com/shibukawa/imagesize_py
imdbpy,https://github.com/cinemagoer/cinemagoer
infi-systray,https://github.com/Infinidat/infi.systray
in-place,https://github.com/jwodder/inplace
importlib-resources,https://github.com/python/importlib_resources
importlib-metadata,https://github.com/python/importlib_metadata
infi-clickhouse-orm,https://github.com/Infinidat/infi.clickhouse_orm
instana,https://github.com/instana/python-sensor
influxdb-client,https://github.com/influxdata/influxdb-client-python
influxdb,https://github.com/influxdb/influxdb-python
inject,https://github.com/ivankorobkov/python-inject
inotify,https://github.com/dsoprea/PyInotify
install,https://github.com/eugenekolo/pip-install
inquirer,https://github.com/magmax/python-inquirer
interpret-core,https://github.com/interpretml/interpret
intuit-oauth,https://github.com/intuit/oauth-pythonclient
iocextract,https://github.com/InQuest/python-iocextract
ipy,https://github.com/autocracy/python-ipy
ipadic,https://github.com/polm/ipadic-py
ipaddr,https://github.com/google/ipaddr-py
iptools,https://github.com/bd808/python-iptools
ip2location,https://github.com/chrislim2888/ip2location-python
ipinfo,https://github.com/ipinfo/python
iso-639,https://github.com/noumar/iso639
iso8601,https://github.com/micktwomey/pyiso8601
jaraco-classes,https://github.com/jaraco/jaraco.classes
iteration-utilities,https://github.com/MSeifert04/iteration_utilities
jaraco-collections,https://github.com/jaraco/jaraco.collections
jaeger-client,https://github.com/jaegertracing/jaeger-client-python
javaobj-py3,https://github.com/tcalmant/python-javaobj
java-access-bridge-wrapper,https://github.com/robocorp/java-access-bridge-wrapper.git
jaraco-text,https://github.com/jaraco/jaraco.text
jaxlib,https://github.com/google/jax
jaraco-functools,https://github.com/jaraco/jaraco.functools
jaraco-context,https://github.com/jaraco/jaraco.context
jarowinkler,https://github.com/maxbachmann/JaroWinkler
jinja2-pluralize,https://github.com/audreyr/jinja2_pluralize
jhi-databricksenvironment,https://github.com/pypa/JHI-DatabricksEnvironment
js2py,https://github.com/PiotrDabkowski/Js2Py
joblibspark,https://github.com/joblib/joblib-spark
jproperties,https://github.com/Tblue/python-jproperties
jpype1,https://github.com/jpype-project/jpype
jmespath,https://github.com/jmespath/jmespath.py
json-tricks,https://github.com/mverleg/pyjson_tricks
json-logic,https://github.com/nadirizr/json-logic-py
json5,https://github.com/dpranke/pyjson5
jsonconversion,https://github.com/DLR-RM/python-jsonconversion
jsonpath-rw,https://github.com/kennknowles/python-jsonpath-rw
jsonformatter,https://github.com/MyColorfulDays/jsonformatter.git
jsonpath-rw-ext,https://github.com/sileht/python-jsonpath-rw-ext
jsonpatch,https://github.com/stefankoegl/python-json-patch
jsonpointer,https://github.com/stefankoegl/python-json-pointer
junit-xml,https://github.com/kyrus/python-junit-xml
jump-consistent-hash,https://github.com/lithammer/python-jump-consistent-hash#readme
jupyter-latex-envs,https://github.com/jfbercher/jupyter_latex_envs
jupyter-contrib-nbextensions,https://github.com/ipython-contrib/jupyter_contrib_nbextensions.git
jupyter-core,https://github.com/jupyter/jupyter_core
jupyter-highlight-selected-word,https://github.com/jcb91/jupyter_highlight_selected_word.git
jupyter-server,https://github.com/jupyter-server/jupyter_server
jupyter-nbextensions-configurator,https://github.com/jupyter-contrib/jupyter_nbextensions_configurator
jupyter-contrib-core,https://github.com/jupyter-contrib/jupyter_contrib_core
justwatch,https://github.com/dawoudt/JustWatchAPI
justext,https://github.com/miso-belica/jusText
jupyterlab-widgets,https://github.com/jupyter-widgets/ipywidgets
jupyterlab-server,https://github.com/jupyterlab/jupyterlab_server
kafka,https://github.com/dpkp/kafka-python
jwt,https://github.com/GehirnInc/python-jwt
jupyterlab-pygments,https://github.com/jupyterlab/jupyterlab_pygments
kaleido,https://github.com/plotly/Kaleido
kaldi-io,https://github.com/vesis84/kaldi-io-for-python
kaggle,https://github.com/Kaggle/kaggle-api
kconfiglib,https://github.com/ulfalizer/Kconfiglib
keyrings-alt,https://github.com/jaraco/keyrings.alt
keyrings-google-artifactregistry-auth,https://github.com/GoogleCloudPlatform/artifact-registry-python-tools
keybert,https://github.com/MaartenGr/keyBERT
keras2onnx,https://github.com/onnx/keras-onnx
kerberos,https://github.com/apple/ccs-pykerberos
kfp-pipeline-spec,https://github.com/kubeflow/pipelines
keyrings-cryptfile,https://github.com/frispete/keyrings.cryptfile
kfp,https://github.com/kubeflow/pipelines
krb5,https://github.com/jborean93/pykrb5
kiwisolver,https://github.com/nucleic/kiwi
kfp-server-api,https://github.com/kubeflow/pipelines
korean-lunar-calendar,https://github.com/usingsky/korean_lunar_calendar_py
langid,https://github.com/saffsd/langid.py
kubernetes-asyncio,https://github.com/tomplus/kubernetes_asyncio
language-tool-python,https://github.com/jxmorris12/language_tool_python
kubernetes,https://github.com/kubernetes-client/python
lark-parser,https://github.com/lark-parser/lark
lazy-loader,https://github.com/scientific-python/lazy_loader
lazy-object-proxy,https://github.com/ionelmc/python-lazy-object-proxy
lib-detect-testenv,https://github.com/bitranox/lib_detect_testenv
levenshtein,https://github.com/maxbachmann/Levenshtein
levenshtein-search,https://github.com/mattandahalfew/Levenshtein_search
launchdarkly-server-sdk,https://github.com/launchdarkly/python-server-sdk
libusb1,https://github.com/vpelletier/python-libusb1
libhoney,https://github.com/honeycombio/libhoney-py
lief,https://github.com/lief-project/LIEF
libretranslatepy,https://github.com/argosopentech/LibreTranslate-py
libcst,https://github.com/Instagram/LibCST
lightgbm,https://github.com/microsoft/LightGBM
line-bot-sdk,https://github.com/line/line-bot-sdk-python
lightning-utilities,https://github.com/Lightning-AI/utilities
linear-tsv,https://github.com/solidsnack/tsv
lightning-app,https://github.com/Lightning-AI/lightning
line-profiler,https://github.com/pyutils/line_profiler
lithium-reducer,https://github.com/MozillaSecurity/lithium
livereload,https://github.com/lepture/python-livereload
localstack-client,https://github.com/localstack/localstack-python-client
locales,https://github.com/vffuunnyy/Locales
logstash-formatter,https://github.com/exoscale/python-logstash-formatter
log-symbols,https://github.com/manrajgrover/py-log-symbols
localstack-ext,https://github.com/localstack/localstack
lomond,https://github.com/wildfoundry/dataplicity-lomond
lpips,https://github.com/richzhang/PerceptualSimilarity
lorem,https://github.com/sfischer13/python-lorem
lunarcalendar,https://github.com/wolfhong/LunarCalendar
lumigo-tracer,https://github.com/lumigo-io/python_tracer.git
lunardate,https://github.com/lidaobing/python-lunardate
lunr,https://github.com/yeraydiazdiaz/lunr.py
lz4,https://github.com/python-lz4/python-lz4
mailchimp3,https://github.com/charlesthk/python-mailchimp
makefun,https://github.com/smarie/python-makefun
mailjet-rest,https://github.com/mailjet/mailjet-apiv3-python
marketorestpython,https://github.com/jepcastelein/marketo-rest-python
marshmallow-dataclass,https://github.com/lovasoa/marshmallow_dataclass
markdown2,https://github.com/trentm/python-markdown2
markuppy,https://github.com/tylerbakke/MarkupPy
maybe-else,https://github.com/matthewgdv/maybe
marshmallow-union,https://github.com/adamboche/python-marshmallow-union
mbed-ls,https://github.com/ARMmbed/mbed-os-tools
mdx-truly-sane-lists,https://github.com/radude/mdx_truly_sane_lists
mechanicalsoup,https://github.com/MechanicalSoup/MechanicalSoup
memoization,https://github.com/lonelyenvoy/python-memoization
meson-python,https://github.com/FFY00/mesonpy
memory-profiler,https://github.com/pythonprofilers/memory_profiler
mkdocs-autorefs,https://github.com/mkdocstrings/autorefs
minio,https://github.com/minio/minio-py
mixpanel,https://github.com/mixpanel/mixpanel-python
mip,https://github.com/coin-or/python-mip
mkdocstrings-python-legacy,https://github.com/mkdocstrings/python-legacy
mlflow-skinny,https://github.com/mlflow/mlflow
mkdocs-material,https://github.com/squidfunk/mkdocs-material.git
ml-collections,https://github.com/google/ml_collections
mkdocs-macros-plugin,https://github.com/fralau/mkdocs_macros_plugin
mlserver-mlflow,https://github.com/SeldonIO/MLServer.git
mmdet,https://github.com/open-mmlab/mmdetection
mlserver,https://github.com/SeldonIO/MLServer.git
mockito,https://github.com/kaste/mockito-python
model-bakery,https://github.com/model-bakers/model_bakery
mod-wsgi,https://github.com/GrahamDumpleton/mod_wsgi
mplhep-data,https://github.com/Scikit-HEP/mplhep_data
msrest,https://github.com/Azure/msrest-for-python
msgpack,https://github.com/msgpack/msgpack-python
multiaddr,https://github.com/multiformats/py-multiaddr
multi-key-dict,https://github.com/formiaczek/multi_key_dict
msrestazure,https://github.com/Azure/msrestazure-for-python
msal,https://github.com/AzureAD/microsoft-authentication-library-for-python
mss,https://github.com/BoboTiG/python-mss
msgraph-core,https://github.com/microsoftgraph/msgraph-sdk-python-core
mr-proper,https://github.com/best-doctor/mr_proper
multisig-hmac,https://github.com/AmalieDue/multisig-hmac-python-version
multivolumefile,https://github.com/miurahr/multivolume
mxnet-mkl,https://github.com/apache/incubator-mxnet
mxnet,https://github.com/apache/incubator-mxnet
mypy-boto3-kms,https://github.com/youtype/mypy_boto3_builder
mypy-boto3-ecr,https://github.com/youtype/mypy_boto3_builder
mypy-boto3-appflow,https://github.com/youtype/mypy_boto3_builder
mypy-boto3-appconfig,https://github.com/youtype/mypy_boto3_builder
mypy-boto3-dynamodb,https://github.com/youtype/mypy_boto3_builder
mypy-boto3-ec2,https://github.com/youtype/mypy_boto3_builder
mypy-boto3-events,https://github.com/youtype/mypy_boto3_builder
mypy-boto3-athena,https://github.com/youtype/mypy_boto3_builder
mypy-boto3-cloudformation,https://github.com/youtype/mypy_boto3_builder
mypy-boto3-iam,https://github.com/youtype/mypy_boto3_builder
mypy-boto3-lambda,https://github.com/youtype/mypy_boto3_builder
mypy-boto3-cloudwatch,https://github.com/youtype/mypy_boto3_builder
mypy-boto3-glue,https://github.com/youtype/mypy_boto3_builder
mypy-boto3-apigateway,https://github.com/youtype/mypy_boto3_builder
mypy-boto3-rds,https://github.com/youtype/mypy_boto3_builder
mypy-boto3-route53,https://github.com/youtype/mypy_boto3_builder
mypy-boto3-signer,https://github.com/youtype/mypy_boto3_builder
mypy-boto3-s3,https://github.com/youtype/mypy_boto3_builder
mypy-boto3-redshift-data,https://github.com/youtype/mypy_boto3_builder
mypy-boto3-xray,https://github.com/youtype/mypy_boto3_builder
mypy-boto3-schemas,https://github.com/youtype/mypy_boto3_builder
mypy-boto3-sts,https://github.com/youtype/mypy_boto3_builder
mypy-boto3-stepfunctions,https://github.com/youtype/mypy_boto3_builder
mypy-boto3-sqs,https://github.com/youtype/mypy_boto3_builder
mypy-boto3-secretsmanager,https://github.com/youtype/mypy_boto3_builder
mypy-boto3-ssm,https://github.com/youtype/mypy_boto3_builder
mypy-boto3-logs,https://github.com/youtype/mypy_boto3_builder
mypy-boto3-sns,https://github.com/youtype/mypy_boto3_builder
mypy-boto3-sagemaker,https://github.com/youtype/mypy_boto3_builder
nameparser,https://github.com/derek73/python-nameparser
mypy-extensions,https://github.com/python/mypy_extensions
myst-parser,https://github.com/executablebooks/MyST-Parser
mysql-python,https://github.com/farcepest/MySQLdb1
mypy-boto3,https://github.com/youtype/mypy_boto3_builder
mysql,https://github.com/valhallasw/virtual-mysql-pypi-package
nasdaq-data-link,https://github.com/Nasdaq/data-link-python
nanoid,https://github.com/puyuan/py-nanoid
nats-py,https://github.com/nats-io/nats.py
nest-asyncio,https://github.com/erdewit/nest_asyncio
neo4j-driver,https://github.com/neo4j/neo4j-python-driver
neo4j,https://github.com/neo4j/neo4j-python-driver
neuralprophet,https://github.com/ourownstory/neural_prophet
ngram,https://github.com/gpoulter/python-ngram
newrelic-telemetry-sdk,https://github.com/newrelic/newrelic-telemetry-sdk-python
netsuitesdk,https://github.com/fylein/netsuite-sdk-py
newrelic,https://github.com/newrelic/newrelic-python-agent
node-semver,https://github.com/podhmo/python-semver
ninja,https://github.com/scikit-build/ninja-python-distributions#readme
notebook-shim,https://github.com/jupyterlab/notebook_shim
nteract-scrapbook,https://github.com/nteract/scrapbook
notion-client,https://github.com/ramnes/notion-sdk-py
o365,https://github.com/O365/python-o365
office365,https://github.com/matthewgdv/office
office365-rest-python-client,https://github.com/vgrem/Office365-REST-Python-Client
okta-jwt-verifier,https://github.com/okta/okta-jwt-verifier-python
onnxoptimizer,https://github.com/onnx/optimizer
okta,https://github.com/okta/okta-sdk-python
openai,https://github.com/openai/openai-python
open3d,https://github.com/isl-org/Open3D
opencensus,https://github.com/census-instrumentation/opencensus-python
openshift,https://github.com/openshift/openshift-restclient-python
opencv-contrib-python-headless,https://github.com/skvark/opencv-python
opencv-contrib-python,https://github.com/skvark/opencv-python
opencv-python-headless,https://github.com/skvark/opencv-python
openvino-telemetry,https://github.com/openvinotoolkit/telemetry
opt-einsum,https://github.com/dgasmith/opt_einsum
opentracing,https://github.com/opentracing/opentracing-python
opentracing-instrumentation,https://github.com/uber-common/opentracing-python-instrumentation
opsgenie-sdk,https://github.com/opsgenie/opsgenie-python-sdk
optimizely-sdk,https://github.com/optimizely/python-sdk
oracledb,https://github.com/oracle/python-oracledb
os-sys,https://github.com/Matthijs990/os_sys-github.git
osmium,https://github.com/osmcode/pyosmium
pandas-flavor,https://github.com/Zsailer/pandas_flavor
pandas-access,https://github.com/jbn/pandas_access
paddlepaddle,https://github.com/paddlepaddle/paddle
pandas-schema,https://github.com/TMiguelT/PandasSchema
pandas-read-xml,https://github.com/minchulkim87/pandas_read_xml
pandas-gbq,https://github.com/googleapis/python-bigquery-pandas
pandas-market-calendars,https://github.com/rsheftel/pandas_market_calendars
panns-inference,https://github.com/qiuqiangkong/panns_inference
parse-type,https://github.com/jenisys/parse_type
parasail,https://github.com/jeffdaily/parasail-python
pantsbuild-pants,https://github.com/pantsbuild/pants
patch-ng,https://github.com/conan-io/python-patch
pathspec,https://github.com/cpburnz/python-pathspec
path-py,https://github.com/jaraco/path
pdfkit,https://github.com/JazzCore/python-pdfkit
paypalrestsdk,https://github.com/paypal/PayPal-Python-SDK
pdfminer-six,https://github.com/pdfminer/pdfminer.six
phonenumberslite,https://github.com/daviddrysdale/python-phonenumbers
pgpy,https://github.com/SecurityInnovation/PGPy
pickle5,https://github.com/pitrou/pickle5-backport
phonenumbers,https://github.com/daviddrysdale/python-phonenumbers
pinotdb,https://github.com/python-pinot-dbapi/pinot-dbapi
piexif,https://github.com/hMatoba/Piexif
pillow,https://github.com/python-pillow/Pillow
plotly,https://github.com/plotly/plotly.py
playwright,https://github.com/Microsoft/playwright-python
plaster-pastedeploy,https://github.com/Pylons/plaster_pastedeploy
plyfile,https://github.com/dranjan/python-plyfile
policy-sentry,https://github.com/salesforce/policy_sentry
posthog,https://github.com/posthog/posthog-python
postgres,https://github.com/liberapay/postgres.py
portpicker,https://github.com/google/python_portpicker
presto-client,https://github.com/trinodb/trino-python-client
pretrainedmodels,https://github.com/cadene/pretrained-models.pytorch
pretty-html-table,https://github.com/sbi-rviot/ph_table
prison,https://github.com/betodealmeida/python-rison
progressbar2,https://github.com/WoLpH/python-progressbar
prometheus-api-client,https://github.com/AICoE/prometheus-api-client-python
proto-google-cloud-datastore-v1,https://github.com/googleapis/googleapis
prometheus-flask-exporter,https://github.com/rycus86/prometheus_flask_exporter
prometheus-client,https://github.com/prometheus/client_python
prompt-toolkit,https://github.com/prompt-toolkit/python-prompt-toolkit
proto-plus,https://github.com/googleapis/proto-plus-python.git
prophecy-libs,https://github.com/SimpleDataLabsInc/prophecy-python-libs
protobuf3-to-dict,https://github.com/kaporzhu/protobuf-to-dict
proxy-py,https://github.com/abhinavsingh/proxy.py
ptable,https://github.com/kxxoling/PTable
psycopg2-binary,https://github.com/psycopg/psycopg2
psycopg-binary,https://github.com/psycopg/psycopg
publicsuffix2,https://github.com/nexb/python-publicsuffix2
publicsuffixlist,https://github.com/ko-zu/psl
pwlf,https://github.com/cjekel/piecewise_linear_fit_py
py-tgcalls,https://github.com/pytgcalls/pytgcalls
py-ecc,https://github.com/ethereum/py_ecc
pusher,https://github.com/pusher/pusher-http-python
pvlib,https://github.com/pvlib/pvlib-python
py3nvml,https://github.com/fbcotter/py3nvml.git
py-vapid,https://github.com/mozilla-services/vapid
pyaescrypt,https://github.com/marcobellaccini/pyAesCrypt
pyaml,https://github.com/mk-fg/pretty-yaml
pyastronomy,https://github.com/sczesla/PyAstronomy
pyarango,https://github.com/tariqdaouda/pyArango
pyarrow,https://github.com/apache/arrow
pybind11-global,https://github.com/pybind/pybind11
pybytebuffer,https://github.com/iGio90/PyByteBuffer
pybigquery,https://github.com/googleapis/python-bigquery-sqlalchemy
pybloom-live,https://github.com/joseph-fox/python-bloomfilter
pycep-parser,https://github.com/gruebel/pycep
pycocotools,https://github.com/ppwwyyxx/cocoapi
pycodestyle-magic,https://github.com/mattijn/pycodestyle_magic
pydeprecate,https://github.com/Borda/pyDeprecate
pydateinfer,https://github.com/wdm0006/dateinfer
pydeequ,https://github.com/awslabs/python-deequ
pydevd-pycharm,https://github.com/JetBrains/intellij-community
pyddq,https://github.com/FRosner/drunken-data-quality#python-api-1
pydoe,https://github.com/tisimst/pyDOE
pydomo,https://github.com/domoinc/domo-python-sdk
pydrive,https://github.com/googledrive/PyDrive
pydocumentdb,https://github.com/Azure/azure-documentdb-python
pydrive2,https://github.com/iterative/PyDrive2
pyexecjs,https://github.com/doloopwhile/PyExecJS
pyfarmhash,https://github.com/veelion/python-farmhash
pygam,https://github.com/dswah/pyGAM
pyfunceble-dev,https://github.com/funilrys/PyFunceble
pyfunctional,https://github.com/EntilZha/PyFunctional
pygeotile,https://github.com/geometalab/pyGeoTile
pygments-style-tomorrow,https://github.com/mozmorris/tomorrow-pygments
pygresql,https://github.com/PyGreSQL/PyGreSQL
pyhanko,https://github.com/MatthiasValvekens/pyHanko
pyhacrf-datamade,https://github.com/datamade/pyhacrf
pyhive,https://github.com/dropbox/PyHive
pyhanko-certvalidator,https://github.com/MatthiasValvekens/certvalidator
pyjarowinkler,https://github.com/nap/jaro-winkler-distance
pyiotools,https://github.com/matthewgdv/iotools
pyhumps,https://github.com/nficano/humps
pyinstrument-cext,https://github.com/joerick/pyinstrument_cext
pyldavis,https://github.com/bmabey/pyLDAvis
pykmip,https://github.com/OpenKMIP/PyKMIP
pykcs11,https://github.com/LudovicRousseau/PyKCS11
pyload-ng,https://github.com/pyload/pyload
pymisp,https://github.com/MISP/PyMISP
pymiscutils,https://github.com/matthewgdv/miscutils
pymp-pypi,https://github.com/classner/pymp
pymupdf,https://github.com/pymupdf/PyMuPDF
pynput-robocorp-fork,https://github.com/robocorp/pynput
pyobjc-framework-applicationservices,https://github.com/ronaldoussoren/pyobjc
pyobjc-framework-applescriptobjc,https://github.com/ronaldoussoren/pyobjc
pyobjc-core,https://github.com/ronaldoussoren/pyobjc
pyobjc-framework-automator,https://github.com/ronaldoussoren/pyobjc
pyobjc-framework-addressbook,https://github.com/ronaldoussoren/pyobjc
pyobjc-framework-accounts,https://github.com/ronaldoussoren/pyobjc
pyobjc-framework-applescriptkit,https://github.com/ronaldoussoren/pyobjc
pyobjc-framework-avfoundation,https://github.com/ronaldoussoren/pyobjc
pyobjc-framework-adsupport,https://github.com/ronaldoussoren/pyobjc
pyobjc-framework-cloudkit,https://github.com/ronaldoussoren/pyobjc
pyobjc-framework-calendarstore,https://github.com/ronaldoussoren/pyobjc
pyobjc-framework-corebluetooth,https://github.com/ronaldoussoren/pyobjc
pyobjc-framework-contactsui,https://github.com/ronaldoussoren/pyobjc
pyobjc-framework-avkit,https://github.com/ronaldoussoren/pyobjc
pyobjc-framework-cfnetwork,https://github.com/ronaldoussoren/pyobjc
pyobjc-framework-coreaudiokit,https://github.com/ronaldoussoren/pyobjc
pyobjc-framework-contacts,https://github.com/ronaldoussoren/pyobjc
pyobjc-framework-cocoa,https://github.com/ronaldoussoren/pyobjc
pyobjc-framework-businesschat,https://github.com/ronaldoussoren/pyobjc
pyobjc-framework-collaboration,https://github.com/ronaldoussoren/pyobjc
pyobjc-framework-coreaudio,https://github.com/ronaldoussoren/pyobjc
pyobjc-framework-colorsync,https://github.com/ronaldoussoren/pyobjc
pyobjc-framework-corelocation,https://github.com/ronaldoussoren/pyobjc
pyobjc-framework-coredata,https://github.com/ronaldoussoren/pyobjc
pyobjc-framework-coremedia,https://github.com/ronaldoussoren/pyobjc
pyobjc-framework-eventkit,https://github.com/ronaldoussoren/pyobjc
pyobjc-framework-discrecording,https://github.com/ronaldoussoren/pyobjc
pyobjc-framework-dictionaryservices,https://github.com/ronaldoussoren/pyobjc
pyobjc-framework-diskarbitration,https://github.com/ronaldoussoren/pyobjc
pyobjc-framework-discrecordingui,https://github.com/ronaldoussoren/pyobjc
pyobjc-framework-coreml,https://github.com/ronaldoussoren/pyobjc
pyobjc-framework-coremediaio,https://github.com/ronaldoussoren/pyobjc
pyobjc-framework-coreservices,https://github.com/ronaldoussoren/pyobjc
pyobjc-framework-coretext,https://github.com/ronaldoussoren/pyobjc
pyobjc-framework-cryptotokenkit,https://github.com/ronaldoussoren/pyobjc
pyobjc-framework-dvdplayback,https://github.com/ronaldoussoren/pyobjc
pyobjc-framework-exceptionhandling,https://github.com/ronaldoussoren/pyobjc
pyobjc-framework-corespotlight,https://github.com/ronaldoussoren/pyobjc
pyobjc-framework-corewlan,https://github.com/ronaldoussoren/pyobjc
pyobjc-framework-gamekit,https://github.com/ronaldoussoren/pyobjc
pyobjc-framework-fsevents,https://github.com/ronaldoussoren/pyobjc
pyobjc-framework-gamecenter,https://github.com/ronaldoussoren/pyobjc
pyobjc-framework-gameplaykit,https://github.com/ronaldoussoren/pyobjc
pyobjc-framework-installerplugins,https://github.com/ronaldoussoren/pyobjc
pyobjc-framework-inputmethodkit,https://github.com/ronaldoussoren/pyobjc
pyobjc-framework-iosurface,https://github.com/ronaldoussoren/pyobjc
pyobjc-framework-instantmessage,https://github.com/ronaldoussoren/pyobjc
pyobjc-framework-imserviceplugin,https://github.com/ronaldoussoren/pyobjc
pyobjc-framework-ituneslibrary,https://github.com/ronaldoussoren/pyobjc
pyobjc-framework-imagecapturecore,https://github.com/ronaldoussoren/pyobjc
pyobjc-framework-gamecontroller,https://github.com/ronaldoussoren/pyobjc
pyobjc-framework-findersync,https://github.com/ronaldoussoren/pyobjc
pyobjc-framework-intents,https://github.com/ronaldoussoren/pyobjc
pyobjc-framework-externalaccessory,https://github.com/ronaldoussoren/pyobjc
pyobjc-framework-mediaplayer,https://github.com/ronaldoussoren/pyobjc
pyobjc-framework-netfs,https://github.com/ronaldoussoren/pyobjc
pyobjc-framework-multipeerconnectivity,https://github.com/ronaldoussoren/pyobjc
pyobjc-framework-network,https://github.com/ronaldoussoren/pyobjc
pyobjc-framework-mediaaccessibility,https://github.com/ronaldoussoren/pyobjc
pyobjc-framework-mediatoolbox,https://github.com/ronaldoussoren/pyobjc
pyobjc-framework-networkextension,https://github.com/ronaldoussoren/pyobjc
pyobjc-framework-latentsemanticmapping,https://github.com/ronaldoussoren/pyobjc
pyobjc-framework-launchservices,https://github.com/ronaldoussoren/pyobjc
pyobjc-framework-modelio,https://github.com/ronaldoussoren/pyobjc
pyobjc-framework-medialibrary,https://github.com/ronaldoussoren/pyobjc
pyobjc-framework-naturallanguage,https://github.com/ronaldoussoren/pyobjc
pyobjc-framework-localauthentication,https://github.com/ronaldoussoren/pyobjc
pyobjc-framework-libdispatch,https://github.com/ronaldoussoren/pyobjc
pyobjc-framework-securityinterface,https://github.com/ronaldoussoren/pyobjc
pyobjc-framework-photos,https://github.com/ronaldoussoren/pyobjc
pyobjc-framework-notificationcenter,https://github.com/ronaldoussoren/pyobjc
pyobjc-framework-searchkit,https://github.com/ronaldoussoren/pyobjc
pyobjc-framework-photosui,https://github.com/ronaldoussoren/pyobjc
pyobjc-framework-osakit,https://github.com/ronaldoussoren/pyobjc
pyobjc-framework-screensaver,https://github.com/ronaldoussoren/pyobjc
pyobjc-framework-securityfoundation,https://github.com/ronaldoussoren/pyobjc
pyobjc-framework-scriptingbridge,https://github.com/ronaldoussoren/pyobjc
pyobjc-framework-opendirectory,https://github.com/ronaldoussoren/pyobjc
pyobjc-framework-safariservices,https://github.com/ronaldoussoren/pyobjc
pyobjc-framework-security,https://github.com/ronaldoussoren/pyobjc
pyobjc-framework-scenekit,https://github.com/ronaldoussoren/pyobjc
pyobjc-framework-preferencepanes,https://github.com/ronaldoussoren/pyobjc
pyobjc-framework-quartz,https://github.com/ronaldoussoren/pyobjc
pyobjc-framework-vision,https://github.com/ronaldoussoren/pyobjc
pyobjc-framework-webkit,https://github.com/ronaldoussoren/pyobjc
pyobjc-framework-storekit,https://github.com/ronaldoussoren/pyobjc
pyobjc-framework-servicemanagement,https://github.com/ronaldoussoren/pyobjc
pyobjc-framework-social,https://github.com/ronaldoussoren/pyobjc
pyobjc-framework-videotoolbox,https://github.com/ronaldoussoren/pyobjc
pyobjc-framework-usernotifications,https://github.com/ronaldoussoren/pyobjc
pyobjc-framework-videosubscriberaccount,https://github.com/ronaldoussoren/pyobjc
pyobjc-framework-systemconfiguration,https://github.com/ronaldoussoren/pyobjc
pyobjc-framework-syncservices,https://github.com/ronaldoussoren/pyobjc
pyobjc-framework-spritekit,https://github.com/ronaldoussoren/pyobjc
pyocd,https://github.com/pyocd/pyOCD
pypd,https://github.com/PagerDuty/pagerduty-api-python-client
pypdf3,https://github.com/sfneal/PyPDF3
pyphen,https://github.com/Kozea/Pyphen
pypdf2,https://github.com/py-pdf/PyPDF2
pyproject-metadata,https://github.com/FFY00/python-pyproject-metadata
pypinyin,https://github.com/mozillazg/python-pinyin
pyqt5-tools,https://github.com/altendky/pyqt-tools
pyrtf3,https://github.com/xoviat/pyrtf
pyrfc3339,https://github.com/kurtraschke/pyRFC3339
pyrebase,https://github.com/thisbejim/Pyrebase
pyright,https://github.com/RobertCraigie/pyright-python
pyro-ppl,https://github.com/pyro-ppl/pyro
pyscipopt,https://github.com/SCIP-Interfaces/PySCIPOpt
pysocks,https://github.com/Anorov/PySocks
pyspark-pandas,https://github.com/adgaudio/pyspark_pandas
pysimplegui,https://github.com/PySimpleGUI/PySimpleGUI
pysnooper,https://github.com/cool-RR/PySnooper
pysubtypes,https://github.com/matthewgdv/subtypes
pytelegrambotapi,https://github.com/eternnoir/pyTelegramBotAPI
pytest-custom-exit-code,https://github.com/yashtodi94/pytest-custom_exit_code
pytest-cases,https://github.com/smarie/python-pytest-cases
pytest-httpx,https://github.com/Colin-b/pytest_httpx
pytest-profiling,https://github.com/manahl/pytest-plugins
pytest-playwright,https://github.com/microsoft/playwright-pytest
pytest-print,https://github.com/pytest-dev/pytest-print#pytest-print
pytest-shutil,https://github.com/manahl/pytest-plugins
pytest-reportportal,https://github.com/reportportal/agent-python-pytest
pytest-reraise,https://github.com/bjoluc/pytest-reraise#readme
python-arq,https://github.com/thehamkercat/Python_ARQ
pytgcalls,https://github.com/MarshalX/tgcalls
python-box,https://github.com/cdgriffith/Box
python-benedict,https://github.com/fabiocaccamo/python-benedict#readme
python-dateutil,https://github.com/dateutil/dateutil
python-ctags3,https://github.com/jonashaag/python-ctags
python-dynamodb-lock,https://github.com/mohankishore/python_dynamodb_lock
python-gilt,https://github.com/retr0h/gilt
python-fsutil,https://github.com/fabiocaccamo/python-fsutil#readme
python-json-config,https://github.com/janehmueller/python-config
python-interface,https://github.com/ssanderson/interface
python-levenshtein,https://github.com/maxbachmann/python-Levenshtein
python-sat,https://github.com/pysathq/pysat
python-tds,https://github.com/denisenkom/pytds
python3-ldap,https://github.com/cannatag/ldap3
python-whois,https://github.com/richardpenman/whois
pytorch-pretrained-bert,https://github.com/huggingface/pytorch-pretrained-BERT
pytorch-lightning,https://github.com/Lightning-AI/lightning
pyturbojpeg,https://github.com/lilohuang/PyTurboJPEG
pyvcf,https://github.com/jamescasbon/PyVCF
pywatchman,https://github.com/facebook/watchman
pywavelets,https://github.com/PyWavelets/pywt
qds-sdk,https://github.com/qubole/qds-sdk-py
qiniu,https://github.com/qiniu/python-sdk
qrcode,https://github.com/lincolnloop/python-qrcode
quantile-python,https://github.com/matttproud/python_quantile_estimation
quandl,https://github.com/quandl/quandl-python
rasa-core,https://github.com/rasahq/rasa_core
randomstuff-py,https://github.com/nerdguyahmad/randomstuff.py
rainbow-logging-handler,https://github.com/laysakura/rainbow_logging_handler
random-user-agent,https://github.com/Luqman-Ud-Din/random_user_agent
quickchart-io,https://github.com/typpo/quickchart-python
rapidfuzz,https://github.com/maxbachmann/RapidFuzz
reactivex,https://github.com/ReactiveX/RxPY
rdkit,https://github.com/kuelumbus/rdkit-pypi
raven,https://github.com/getsentry/raven-python
razorpay,https://github.com/razorpay/razorpay-python
readme-renderer,https://github.com/pypa/readme_renderer
realesrgan,https://github.com/xinntao/Real-ESRGAN
readchar,https://github.com/magmax/python-readchar
readerwriterlock,https://github.com/elarivie/pyReaderWriterLock
redis,https://github.com/redis/redis-py
recurring-ical-events,https://github.com/niccokunzmann/python-recurring-ical-events
redlock-py,https://github.com/SPSCommerce/identity-service
reedsolo,https://github.com/tomerfiliba/reedsolomon
redshift-connector,https://github.com/aws/amazon-redshift-python-driver
reportportal-client,https://github.com/reportportal/client-Python
regex,https://github.com/mrabarnett/mrab-regex
remote-pdb,https://github.com/ionelmc/python-remote-pdb
requests-pkcs12,https://github.com/m-click/requests_pkcs12
resize-right,https://github.com/assafshocher/ResizeRight
rethinkdb,https://github.com/RethinkDB/rethinkdb-python
restrictedpython,https://github.com/zopefoundation/RestrictedPython
rlp,https://github.com/ethereum/pyrlp
retworkx,https://github.com/Qiskit/rustworkx
robocorp-dialog,https://github.com/robocorp/rpaframework
robotframework-pythonlibcore,https://github.com/robotframework/PythonLibCore
robotframework-jsonlibrary,https://github.com/nottyo/robotframework-jsonlibrary.git
robotframework-databaselibrary,https://github.com/franz-see/Robotframework-Database-Library
robotframework-pabot,https://github.com/mkorpela/pabot
robotframework-seleniumlibrary,https://github.com/robotframework/SeleniumLibrary
robotframework-selenium2library,https://github.com/robotframework/Selenium2Library
robotframework-sshlibrary,https://github.com/robotframework/SSHLibrary
rpaframework-core,https://github.com/robocorp/rpaframework
rpaframework-dialogs,https://github.com/robocorp/rpaframework
rootpath,https://github.com/grimen/python-rootpath
rocketchat-api,https://github.com/jadolg/rocketchat_API
robotremoteserver,https://github.com/robotframework/PythonRemoteServer
rpaframework-pdf,https://github.com/robocorp/rpaframework
rsa,https://github.com/sybrenstuvel/python-rsa
rr-graph,https://github.com/SymbiFlow/symbiflow-rr-graph
rx,https://github.com/ReactiveX/RxPY
salesforce-fuelsdk,https://github.com/salesforce-marketingcloud/FuelSDK-Python
sailthru-client,https://github.com/sailthru/sailthru-python-client
salesforce-api,https://github.com/felixlindstrom/python-salesforce-api
sarif-om,https://github.com/microsoft/sarif-python-om
salib,https://github.com/SALib/SALib
scalesec-gcp-workload-identity,https://github.com/ScaleSec/gcp-workload-identity-federation
scikit-build,https://github.com/scikit-build/scikit-build-sample-projects
scp,https://github.com/jbardin/scp.py
segment-analytics-python,https://github.com/segmentio/analytics-python
scrypt,https://github.com/holgern/py-scrypt
sentry-sdk,https://github.com/getsentry/sentry-python
semver,https://github.com/python-semver/python-semver
semantic-version,https://github.com/rbarrois/python-semanticversion
seleniumbase,https://github.com/seleniumbase/SeleniumBase
serpent,https://github.com/irmen/Serpent
serverlessrepo,https://github.com/awslabs/aws-serverlessrepo-python
sfx-jaeger-client,https://github.com/jaegertracing/jaeger-client-python
setproctitle,https://github.com/dvarrazzo/py-setproctitle
sgp4,https://github.com/brandon-rhodes/python-sgp4
shodan,https://github.com/achillean/shodan-python
shopifyapi,https://github.com/Shopify/shopify_python_api
shrub-py,https://github.com/evergreen-ci/shrub.py
sigmatools,https://github.com/Neo23x0/sigma
signalfx,https://github.com/signalfx/signalfx-python
singleton-decorator,https://github.com/Kemaweyan/singleton_decorator
simpleitk,https://github.com/SimpleITK/SimpleITK
singer-sdk,https://github.com/meltano/sdk
skl2onnx,https://github.com/onnx/sklearn-onnx
slackclient,https://github.com/slackapi/python-slack-sdk
slack-webhook,https://github.com/10mohi6/slack-webhook-python
slack-sdk,https://github.com/slackapi/python-slack-sdk
slack-bolt,https://github.com/slackapi/bolt-python
slackweb,https://github.com/satoshi03/slack-python-webhook
smart-open,https://github.com/piskvorky/smart_open
smdebug,https://github.com/awslabs/sagemaker-debugger
smmap2,https://github.com/gitpython-developers/smmap
smdebug-rulesconfig,https://github.com/awslabs/sagemaker-debugger-rulesconfig
snowballstemmer,https://github.com/snowballstem/snowball
social-auth-core,https://github.com/python-social-auth/social-core
social-auth-app-django,https://github.com/python-social-auth/social-app-django
solana,https://github.com/michaelhly/solanapy
sounddevice,https://github.com/spatialaudio/python-sounddevice
sox,https://github.com/rabitt/pysox
soundfile,https://github.com/bastibe/python-soundfile
spacy,https://github.com/explosion/spaCy
sparkaid,https://github.com/lvhuyen/SparkAid
sparkdl,https://github.com/allwefantasy/spark-deep-learning
speechrecognition,https://github.com/Uberi/speech_recognition#readme
spamwatch,https://github.com/SpamWatch/spamwatch-py
sparkmeasure,https://github.com/lucacanali/sparkMeasure
sparse-dot-topn,https://github.com/ing-bank/sparse_dot_topn
sphinx-rtd-theme,https://github.com/readthedocs/sphinx_rtd_theme
sphinxcontrib-httpdomain,https://github.com/sphinx-contrib/httpdomain
spotinst-agent-2,https://github.com/spotinst/spotinst-spectrum-agent
spotdl,https://github.com/spotDL/spotify-downloader
spinners,https://github.com/manrajgrover/py-spinners
sphinxcontrib-spelling,https://github.com/sphinx-contrib/spelling
spotinst-agent,https://github.com/spotinst/spotinst-spectrum-agent
spooq,https://github.com/Breaka84/Spooq
splunk-handler,https://github.com/zach-taylor/splunk_handler
splitio-client,https://github.com/splitio/python-client
sqlalchemy-pytds,https://github.com/m32/sqlalchemy-tds
sqlalchemy-jsonfield,https://github.com/penguinolog/sqlalchemy_jsonfield
sqlalchemy-bigquery,https://github.com/googleapis/python-bigquery-sqlalchemy
sqlparams,https://github.com/cpburnz/python-sqlparams
sqlfluff-templater-dbt,https://github.com/sqlfluff/sqlfluff#sqlfluff-on-slack
sqlfluff,https://github.com/sqlfluff/sqlfluff#sqlfluff-on-slack
sseclient-py,https://github.com/mpetazzoni/sseclient
sshpubkeys,https://github.com/ojarva/python-sshpubkeys
starkbank-ecdsa,https://github.com/starkbank/ecdsa-python.git
stdlib-list,https://github.com/jackmaney/python-stdlib-list
statsd,https://github.com/jsocol/pystatsd
starlette-exporter,https://github.com/stephenhillier/starlette_exporter
stepfunctions,https://github.com/aws/aws-step-functions-data-science-sdk-python
statsd-python,https://github.com/lirsacc/statsd_client_python
stix2-patterns,https://github.com/oasis-open/cti-pattern-validator
stldecompose,https://github.com/jrmontag/STLDecompose
stop-words,https://github.com/Alir3z4/python-stop-words
stomp-py,https://github.com/jasonrbriggs/stomp.py
stringcase,https://github.com/okunishinishi/python-stringcase
strenum,https://github.com/irgeek/StrEnum
strawberry-graphql,https://github.com/strawberry-graphql/strawberry
stups-tokens,https://github.com/zalando-stups/python-tokens
strsimpy,https://github.com/luozhouyang/python-string-similarity
strsim,https://github.com/luozhouyang/python-string-similarity
stringdist,https://github.com/obulkin/string-dist
subprocess32,https://github.com/google/python-subprocess32
stups-zign,https://github.com/zalando-stups/zign
stripe,https://github.com/stripe/stripe-python
svg-path,https://github.com/regebro/svg.path
suds-community,https://github.com/suds-community/suds
sudo,https://github.com/wesinator/python-sudo
sudachidict-full,https://github.com/WorksApplications/SudachiDict
sudachidict-core,https://github.com/WorksApplications/SudachiDict
swagger-ui-bundle,https://github.com/dtkav/swagger_ui_bundle
symengine,https://github.com/symengine/symengine.py
svn,https://github.com/dsoprea/PySvn
tabulate,https://github.com/astanin/python-tabulate
tardis-client,https://github.com/tardis-dev/python-client
tardis-dev,https://github.com/tardis-dev/tardis-python
tableschema,https://github.com/frictionlessdata/tableschema-py
tableauserverclient,https://github.com/tableau/server-client-python
tabulator,https://github.com/frictionlessdata/tabulator-py
tb-nightly,https://github.com/tensorflow/tensorboard
taxjar,https://github.com/taxjar/taxjar-python
tblib,https://github.com/ionelmc/python-tblib
tensorboardx,https://github.com/lanpa/tensorboardX
tensorflow-cloud,https://github.com/tensorflow/cloud
tensorboard-plugin-profile,https://github.com/tensorflow/profiler
telethon,https://github.com/LonamiWebs/Telethon
tensorflow-datasets,https://github.com/tensorflow/datasets
tensorflow-hub,https://github.com/tensorflow/hub
tensorflow-io-gcs-filesystem,https://github.com/tensorflow/io
tensorflow-io,https://github.com/tensorflow/io
tensorflow-model-optimization,https://github.com/tensorflow/model-optimization
tensorflow-ranking,https://github.com/tensorflow/ranking
tensorflow-recommenders,https://github.com/tensorflow/recommenders
test-tube,https://github.com/williamFalcon/test_tube
testcontainers,https://github.com/testcontainers/testcontainers-python
termcolor-whl,https://github.com/matthewdeanmartin/termcolor
tensorflowonspark,https://github.com/yahoo/TensorFlowOnSpark
testing-common-database,https://github.com/tk0miya/testing.common.database
testslide,https://github.com/facebook/TestSlide
testing-postgresql,https://github.com/tk0miya/testing.postgresql
textblob,https://github.com/sloria/TextBlob
tf2onnx,https://github.com/onnx/tensorflow-onnx
textx,https://github.com/textX/textX
tf-models-nightly,https://github.com/tensorflow/models
tf-models-official,https://github.com/tensorflow/models
tf-agents,https://github.com/tensorflow/agents
tgedr-connectors,https://github.com/tgedr/connectors
tfds-nightly,https://github.com/tensorflow/datasets
tilemapbase,https://github.com/MatthewDaws/TileMapBase
timedelta,https://github.com/andrewp-as-is/timedelta.py
thrift-sasl,https://github.com/cloudera/thrift_sasl
thriftrw,https://github.com/thriftrw/thriftrw-python
titlecase,https://github.com/ppannuto/python-titlecase
timm,https://github.com/rwightman/pytorch-image-models
tk,https://github.com/atranitell/TensorKit
torchbiggraph,https://github.com/facebookresearch/PyTorch-BigGraph
torch-geometric,https://github.com/pyg-team/pytorch_geometric
torch-lr-finder,https://github.com/davidtvs/pytorch-lr-finder
torch-struct,https://github.com/harvardnlp/pytorch-struct
torchaudio,https://github.com/pytorch/audio
torchsummary,https://github.com/sksq96/pytorch-summary
torchmetrics,https://github.com/Lightning-AI/metrics
torchtext,https://github.com/pytorch/text
torchvision,https://github.com/pytorch/vision
translate,https://github.com/terryyin/google-translate-python
trino,https://github.com/trinodb/trino-python-client
trufflehogregexes,https://github.com/dxa4481/truffleHogRegexes
trufflehog,https://github.com/dxa4481/truffleHog
typed-ast,https://github.com/python/typed_ast
types-aiofiles,https://github.com/python/typeshed
types-boto3,https://github.com/youtype/mypy_boto3_builder
types-click,https://github.com/python/typeshed
types-backports,https://github.com/python/typeshed
types-chardet,https://github.com/python/typeshed
types-decorator,https://github.com/python/typeshed
types-colorama,https://github.com/python/typeshed
types-boto,https://github.com/python/typeshed
types-certifi,https://github.com/python/typeshed
types-dateparser,https://github.com/python/typeshed
types-dataclasses,https://github.com/python/typeshed
types-croniter,https://github.com/python/typeshed
types-cryptography,https://github.com/python/typeshed
types-cachetools,https://github.com/python/typeshed
types-deprecated,https://github.com/python/typeshed
types-flask,https://github.com/python/typeshed
types-docutils,https://github.com/python/typeshed
types-jinja2,https://github.com/python/typeshed
types-jwt,https://github.com/python/typeshed
types-futures,https://github.com/python/typeshed
types-frozendict,https://github.com/python/typeshed
types-enum34,https://github.com/python/typeshed
types-ipaddress,https://github.com/python/typeshed
types-markdown,https://github.com/python/typeshed
types-freezegun,https://github.com/python/typeshed
types-emoji,https://github.com/python/typeshed
types-geoip2,https://github.com/python/typeshed
types-filelock,https://github.com/python/typeshed
types-pyopenssl,https://github.com/python/typeshed
types-orjson,https://github.com/python/typeshed
types-pillow,https://github.com/python/typeshed
types-maxminddb,https://github.com/python/typeshed
types-mock,https://github.com/python/typeshed
types-mysqlclient,https://github.com/python/typeshed
types-psycopg2,https://github.com/python/typeshed
types-pymysql,https://github.com/python/typeshed
types-python-dateutil,https://github.com/python/typeshed
types-psutil,https://github.com/python/typeshed
types-pygments,https://github.com/python/typeshed
types-paramiko,https://github.com/python/typeshed
types-markupsafe,https://github.com/python/typeshed
types-pkg-resources,https://github.com/python/typeshed
types-protobuf,https://github.com/python/typeshed
types-pyyaml,https://github.com/python/typeshed
types-simplejson,https://github.com/python/typeshed
types-tabulate,https://github.com/python/typeshed
types-termcolor,https://github.com/python/typeshed
types-requests,https://github.com/python/typeshed
types-six,https://github.com/python/typeshed
types-tzlocal,https://github.com/python/typeshed
types-toml,https://github.com/python/typeshed
types-python-slugify,https://github.com/python/typeshed
types-redis,https://github.com/python/typeshed
types-retry,https://github.com/python/typeshed
types-typed-ast,https://github.com/python/typeshed
types-setuptools,https://github.com/python/typeshed
types-pytz,https://github.com/python/typeshed
ua-parser,https://github.com/ua-parser/uap-python
typing-inspect,https://github.com/ilevkivskyi/typing_inspect
types-urllib3,https://github.com/python/typeshed
types-ujson,https://github.com/python/typeshed
types-werkzeug,https://github.com/python/typeshed
typing-utils,https://github.com/bojiang/typing_utils
typing-extensions,https://github.com/python/typing_extensions
tzwhere,https://github.com/pegler/pytzwhere
uamqp,https://github.com/Azure/azure-uamqp-python
uc-micro-py,https://github.com/tsutsu3/uc.micro-py
unicodecsv,https://github.com/jdunck/python-unicodecsv
ulid-py,https://github.com/ahawker/ulid
ujson,https://github.com/ultrajson/ultrajson
update-checker,https://github.com/bboe/update_checker
unleashclient,https://github.com/Unleash/unleash-client-python
uproot,https://github.com/scikit-hep/uproot4
us,https://github.com/unitedstates/python-us
user-agent,https://github.com/lorien/user_agent
urwid-readline,https://github.com/rr-/urwid_readline
user-agents,https://github.com/selwin/python-user-agents
urlextract,https://github.com/lipoja/URLExtract
url-normalize,https://github.com/niksite/url-normalize#url-normalize
vadersentiment,https://github.com/cjhutto/vaderSentiment
versioneer,https://github.com/python-versioneer/python-versioneer
vconnector,https://github.com/dnaeon/py-vconnector
versioneer-518,https://github.com/warner/python-versioneer
varname,https://github.com/pwwang/python-varname
validx,https://github.com/Cottonwood-Technology/ValidX
vsts,https://github.com/Microsoft/vsts-python-api
vowpalwabbit,https://github.com/VowpalWabbit/vowpal_wabbit
wasmer,https://github.com/wasmerio/wasmer-python
wasmer-compiler-cranelift,https://github.com/wasmerio/wasmer-python
webdavclient3,https://github.com/ezhov-evgeny/webdav-client-python-3
watchgod,https://github.com/samuelcolvin/watchfiles
weasyprint,https://github.com/Kozea/WeasyPrint
web3,https://github.com/ethereum/web3.py
watergrid,https://github.com/ARMmaster17/watergrid-python
websocket-client,https://github.com/websocket-client/websocket-client.git
webdriver-manager,https://github.com/SergeyPirogov/webdriver_manager
webrtcvad,https://github.com/wiseman/py-webrtcvad
webencodings,https://github.com/SimonSapin/python-webencodings
webrtcvad-wheels,https://github.com/daanzu/py-webrtcvad-wheels
wikipedia,https://github.com/goldsmith/Wikipedia
wikipedia-api,https://github.com/martin-majlis/Wikipedia-API
workos,https://github.com/workos-inc/workos-python
word2number,https://github.com/akshaynagpal/w2n
wrapt-timeout-decorator,https://github.com/bitranox/wrapt_timeout_decorator
wmd,https://github.com/src-d/wmd-relax
ws4py,https://github.com/Lawouach/WebSocket-for-Python
wordcloud,https://github.com/amueller/word_cloud
wxpython,https://github.com/wxWidgets/Phoenix
xlsxwriter,https://github.com/jmcnamara/XlsxWriter
xmlsec,https://github.com/mehcode/python-xmlsec
xxhash,https://github.com/ifduyue/python-xxhash
yamale,https://github.com/23andMe/Yamale
yamlordereddictloader,https://github.com/fmenabe/python-yamlordereddictloader
yolov5,https://github.com/fcakyon/yolov5-pip
youtube-search,https://github.com/joetats/youtube_search
yarn-api-client,https://github.com/CODAIT/hadoop-yarn-api-python-client
yt-dlp,https://github.com/yt-dlp/yt-dlp#readme
ytthumb,https://github.com/FayasNoushad/Youtube-Video-Thumbnail
yugabyte-pycommon,https://github.com/yugabyte/yugabyte_pycommon
zappa,https://github.com/zappa/Zappa
zc-lockfile,https://github.com/zopefoundation/zc.lockfile
zarr,https://github.com/zarr-developers/zarr-python
zeroconf,https://github.com/jstasiak/python-zeroconf
zi-api-auth-client,https://github.com/Zoominfo/api-auth-python-client
z3-solver,https://github.com/Z3Prover/z3
zope-deferredimport,https://github.com/zopefoundation/zope.deferredimport
zope-sqlalchemy,https://github.com/zopefoundation/zope.sqlalchemy
zmq,https://github.com/zeromq/pyzmq
zope-deprecation,https://github.com/zopefoundation/zope.deprecation
zope-component,https://github.com/zopefoundation/zope.component
zope-event,https://github.com/zopefoundation/zope.event
zope-index,https://github.com/zopefoundation/zope.index
zope-schema,https://github.com/zopefoundation/zope.schema
zope-interface,https://github.com/zopefoundation/zope.interface
